Season,Lg,Player,Age,Tm,Pos,G,A,PTS,+/-,PIM,OPS,DPS,GPS,PS
2025-26,NHL,Cole Caufield,25,MTL,RW,51,37,88,29,14,9.5,2.6,0.0,12.1
2024-25,NHL,Anže Kopitar,37,LAK,C,21,46,67,14,4,4.5,2.3,0.0,6.8
2023-24,NHL,Jaccob Slavin,29,CAR,D,6,31,37,21,8,2.0,5.6,0.0,7.6
2022-23,NHL,Anže Kopitar,35,LAK,C,28,46,74,20,4,5.1,2.5,0.0,7.6
2021-22,NHL,Kyle Connor,25,WPG,LW,47,46,93,-3,4,8.7,1.9,0.0,10.6
2020-21,NHL,Jaccob Slavin,26,CAR,D,3,12,15,22,2,0.4,4.4,0.0,4.8
2019-20,NHL,Nathan MacKinnon,24,COL,C,35,58,93,13,12,8.9,1.9,0.0,10.8
2018-19,NHL,Aleksander Barkov,23,FLA,C,35,61,96,-3,8,7.9,2.1,0.0,10.0
2017-18,NHL,William Karlsson,25,VEG,C,43,35,78,49,12,8.3,3.5,0.0,11.8
2016-17,NHL,Johnny Gaudreau,23,CGY,LW,18,43,61,-7,4,4.8,1.3,0.0,6.1
2015-16,NHL,Anže Kopitar,28,LAK,C,25,49,74,34,16,6.5,3.3,0.0,9.7
2014-15,NHL,Jiří Hudler,31,CGY,C,31,45,76,17,14,7.9,2.2,0.0,10.2
2013-14,NHL,Ryan O'Reilly,22,COL,C,28,36,64,-1,2,5.8,1.3,0.0,7.1
2012-13,NHL,Martin St. Louis,37,TBL,RW,17,43,60,0,14,5.4,0.8,0.0,6.3
2011-12,NHL,Brian Campbell,32,FLA,D,4,49,53,-9,6,3.8,4.6,0.0,8.4
2010-11,NHL,Martin St. Louis,35,TBL,RW,31,68,99,0,12,9.3,2.0,0.0,11.3
2009-10,NHL,Martin St. Louis,34,TBL,RW,29,65,94,-8,12,8.1,1.8,0.0,9.9
2008-09,NHL,Pavel Datsyuk,30,DET,C,32,65,97,34,22,8.9,2.6,0.0,11.5
2007-08,NHL,Pavel Datsyuk,29,DET,C,31,66,97,41,20,8.8,3.7,0.0,12.6
2006-07,NHL,Pavel Datsyuk,28,DET,C,27,60,87,36,20,7.3,3.2,0.0,10.5
2005-06,NHL,Pavel Datsyuk,27,DET,C,28,59,87,26,22,7.4,2.4,0.0,9.8
2003-04,NHL,Brad Richards,23,TBL,C,26,53,79,14,12,7.1,2.2,0.0,9.3
2002-03,NHL,Alexander Mogilny,33,TOR,RW,33,46,79,4,12,7.9,1.6,0.0,9.5
2001-02,NHL,Ron Francis,38,CAR,C,27,50,77,4,18,6.7,2.1,0.0,8.7
2000-01,NHL,Joe Sakic,31,COL,C,54,64,118,45,30,12.2,3.6,0.0,15.9
1999-00,NHL,Pavol Demitra,25,STL,RW,28,47,75,34,8,6.8,3.0,0.0,9.7
1998-99,NHL,Wayne Gretzky,38,NYR,C,9,53,62,-23,14,3.3,0.9,0.0,4.2
1997-98,NHL,Ron Francis,34,PIT,C,25,62,87,12,20,8.2,1.6,0.0,9.8
1996-97,NHL,Paul Kariya,22,MDA,LW,44,55,99,36,6,10.6,2.0,0.0,12.6
1995-96,NHL,Paul Kariya,21,MDA,LW,50,58,108,9,20,10.3,1.3,0.0,11.6
1994-95,NHL,Ron Francis,31,PIT,C,11,48,59,30,18,4.6,1.2,0.0,5.8
1993-94,NHL,Wayne Gretzky,33,LAK,C,38,92,130,-25,20,11.0,0.1,0.0,11.1
1992-93,NHL,Pierre Turgeon,23,NYI,C,58,74,132,-1,26,11.0,1.0,0.0,12.0
1991-92,NHL,Wayne Gretzky,31,LAK,C,31,90,121,-12,34,8.8,0.5,0.0,9.4
1990-91,NHL,Wayne Gretzky,30,LAK,C,41,122,163,30,16,13.0,1.5,0.0,14.5
1989-90,NHL,Brett Hull,25,STL,RW,72,41,113,-1,24,10.7,1.1,0.0,11.8
1988-89,NHL,Joe Mullen,31,CGY,RW,51,59,110,51,16,8.8,2.2,0.0,11.0
1987-88,NHL,Mats Näslund,28,MTL,LW,24,59,83,17,14,4.9,1.5,0.0,6.4
1986-87,NHL,Joe Mullen,29,CGY,RW,47,40,87,19,14,6.9,1.4,0.0,8.3
1985-86,NHL,Mike Bossy,29,NYI,RW,61,62,123,30,14,9.4,1.6,0.0,11.0
1984-85,NHL,Jari Kurri,24,EDM,RW,71,64,135,78,30,11.6,2.4,0.0,14.0
1983-84,NHL,Mike Bossy,27,NYI,RW,51,67,118,65,8,9.3,2.2,0.0,11.5
1982-83,NHL,Mike Bossy,26,NYI,RW,60,58,118,27,20,9.4,1.8,0.0,11.2
1981-82,NHL,Rick Middleton,28,BOS,RW,51,43,94,15,12,7.0,1.4,0.0,8.4
1980-81,NHL,Rick Kehoe,29,PIT,RW,55,33,88,-8,6,6.9,0.9,0.0,7.8
1979-80,NHL,Wayne Gretzky,19,EDM,C,51,86,137,14,21,11.3,1.3,0.0,12.6
1978-79,NHL,Bob MacMillan,26,ATF,LW,37,71,108,34,14,8.1,1.7,0.0,9.7
1977-78,NHL,Butch Goring,28,LAK,C,37,36,73,-4,2,5.8,1.2,0.0,7.0
1976-77,NHL,Marcel Dionne,25,LAK,C,53,69,122,11,12,11.3,1.5,0.0,12.8
1975-76,NHL,Jean Ratelle,35,TOT,C,36,69,105,20,18,8.0,1.6,0.0,9.6
1974-75,NHL,Marcel Dionne,23,DET,C,47,74,121,-15,14,10.0,1.0,0.0,11.0
1973-74,NHL,Johnny Bucyk,38,BOS,LW,31,44,75,13,8,5.9,0.7,0.0,6.6
1972-73,NHL,Gilbert Perreault,22,BUF,C,28,60,88,11,10,6.5,1.5,0.0,8.0
1971-72,NHL,Jean Ratelle,31,NYR,C,46,63,109,61,4,11.1,2.5,0.0,13.6
1970-71,NHL,Johnny Bucyk,35,BOS,LW,51,65,116,37,8,11.0,1.2,0.0,12.2
1969-70,NHL,Phil Goyette,36,STL,C,29,49,78,3,16,7.0,1.3,0.0,8.3
1968-69,NHL,Alex Delvecchio,37,DET,C,25,58,83,42,8,6.7,2.2,0.0,8.9
1967-68,NHL,Stan Mikita,27,CBH,C,40,47,87,0,14,9.0,1.0,0.0,10.0
1966-67,NHL,Stan Mikita,26,CBH,C,35,62,97,40,12,8.9,1.3,0.0,10.2
1965-66,NHL,Alex Delvecchio,34,DET,C,31,38,69,19,16,5.7,1.1,0.0,6.8
1964-65,NHL,Bobby Hull,26,CBH,LW,39,32,71,23,32,7.9,1.1,0.0,9.0
1963-64,NHL,Kenny Wharram,30,CBH,RW,39,32,71,25,18,7.7,1.2,0.0,9.0
1962-63,NHL,Dave Keon,22,TOR,C,28,28,56,8,2,4.8,1.2,0.0,6.0
1961-62,NHL,Dave Keon,21,TOR,C,26,35,61,40,2,5.2,1.2,0.0,6.4
1960-61,NHL,Red Kelly,33,TOR,C,20,50,70,19,12,5.4,1.2,0.0,6.7
1959-60,NHL,Don McKenney,25,BOS,C,20,49,69,-18,28,5.1,0.7,0.0,5.8
1958-59,NHL,Alex Delvecchio,27,DET,LW,19,35,54,,6,3.9,0.9,0.0,4.8
1957-58,NHL,Camille Henry,25,NYR,LW,32,24,56,,0,5.5,1.1,0.0,6.6
1956-57,NHL,Andy Hebenton,27,NYR,RW,21,23,44,,15,3.4,0.7,0.0,4.1
1955-56,NHL,Dutch Reibel,25,DET,C,17,39,56,,10,5.1,1.3,0.0,6.4
1954-55,NHL,Sid Smith,29,TOR,LW,33,21,54,,12,6.7,1.5,0.0,8.1
1953-54,NHL,Red Kelly,26,DET,D,16,33,49,,18,6.2,5.1,0.0,11.3
1952-53,NHL,Red Kelly,25,DET,D,19,27,46,,8,6.5,5.8,0.0,12.2
1951-52,NHL,Sid Smith,26,TOR,LW,27,30,57,,6,5.7,1.3,0.0,7.0
1950-51,NHL,Red Kelly,23,DET,D,17,37,54,,24,6.3,5.8,0.0,12.1
1949-50,NHL,Edgar Laprade,30,NYR,C,22,22,44,,2,4.3,0.8,0.0,5.1
1948-49,NHL,Bill Quackenbush,26,DET,D,6,17,23,,0,2.2,4.2,0.0,6.4
1947-48,NHL,Buddy O'Connor,31,NYR,C,24,36,60,,8,5.6,0.7,0.0,6.3
1946-47,NHL,Bobby Bauer,31,BOS,RW,30,24,54,,4,5.2,1.0,0.0,6.2
1945-46,NHL,Toe Blake,33,MTL,LW,29,21,50,,2,4.9,1.1,0.0,6.0
1944-45,NHL,Bill Mosienko,23,CBH,RW,28,26,54,,0,4.1,0.8,0.0,4.9
1943-44,NHL,Clint Smith,30,CBH,C,23,49,72,,4,3.8,1.1,0.0,4.9
1942-43,NHL,Max Bentley,22,CBH,C,26,44,70,,2,4.8,0.8,0.0,5.6
1941-42,NHL,Syl Apps,27,TOR,C,18,23,41,,0,3.6,0.7,0.0,4.3
1940-41,NHL,Bobby Bauer,25,BOS,RW,17,22,39,,2,3.8,1.1,0.0,4.8
1939-40,NHL,Bobby Bauer,24,BOS,RW,17,26,43,,4,4.8,1.0,0.0,5.8
1938-39,NHL,Clint Smith,25,NYR,C,21,20,41,,2,4.5,0.9,0.0,5.4
1937-38,NHL,Gordie Drillon,24,TOR,RW,26,26,52,,4,6.7,0.8,0.0,7.4
1936-37,NHL,Marty Barry,31,DET,C,17,27,44,,6,5.1,1.0,0.0,6.1
1935-36,NHL,Doc Romnes,27,CBH,LW/C,13,25,38,,6,4.1,1.0,0.0,5.1
1934-35,NHL,Frank Boucher,33,NYR,C,13,32,45,,2,4.6,0.6,0.0,5.2
1933-34,NHL,Frank Boucher,32,NYR,C,14,30,44,,4,4.9,0.8,0.0,5.7
1932-33,NHL,Frank Boucher,31,NYR,C,7,28,35,,4,3.5,0.8,0.0,4.3
1931-32,NHL,Joe Primeau,26,TOR,C,13,37,50,,25,5.7,0.8,0.0,6.4
1930-31,NHL,Frank Boucher,29,NYR,C,12,27,39,,18,4.6,1.0,0.0,5.6
1929-30,NHL,Frank Boucher,28,NYR,C,26,36,62,,16,7.6,0.7,0.0,8.2
1928-29,NHL,Frank Boucher,27,NYR,C,10,16,26,,8,6.2,1.0,0.0,7.1
1927-28,NHL,Frank Boucher,26,NYR,C,23,12,35,,12,9.2,1.0,0.0,10.2
1926-27,NHL,Billy Burch,26,NYA,C,19,8,27,,42,6.5,0.9,0.0,7.4
1925-26,NHL,Frank Nighbor,33,OTS,C,12,14,26,,40,3.8,1.4,0.0,5.2
1924-25,NHL,Frank Nighbor,32,OTS,C,5,5,10,,18,0.2,0.8,0.0,1.0
