Season,Lg,Player,Age,Tm,Pos,W,L,T/O,GAA,SV%,OPS,DPS,GPS,PS
2025-26,NHL,Scott Wedgewood,33,COL,G,31,6,6,2.02,.921,0.0,0.0,9.9,9.9
,,Mackenzie Blackwood,29,COL,G,23,10,2,2.51,.904,0.0,0.0,6.7,6.7
2024-25,NHL,Connor Hellebuyck,31,WPG,G,47,12,3,2.00,.925,0.0,0.0,14.5,14.5
2023-24,NHL,Connor Hellebuyck,30,WPG,G,37,19,4,2.39,.921,0.0,0.0,13.6,13.6
2022-23,NHL,Jeremy Swayman,24,BOS,G,24,6,4,2.27,.920,0.0,0.0,6.9,6.9
,,Linus Ullmark,29,BOS,G,40,6,1,1.89,.938,0.0,0.0,13.2,13.2
2021-22,NHL,Frederik Andersen,32,CAR,G,35,14,3,2.17,.922,0.0,0.0,10.2,10.2
,,Antti Raanta,32,CAR,G,15,5,4,2.45,.912,0.0,0.0,4.3,4.3
2020-21,NHL,Robin Lehner,29,VEG,G,13,4,2,2.29,.913,0.0,0.0,3.2,3.2
,,Marc-André Fleury,36,VEG,G,26,10,0,1.98,.928,0.0,0.0,8.0,8.0
2019-20,NHL,Jaroslav Halák,34,BOS,G,18,6,6,2.39,.919,0.0,0.0,6.1,6.1
,,Tuukka Rask,32,BOS,G,26,8,6,2.12,.929,0.0,0.0,9.1,9.1
2018-19,NHL,Robin Lehner,27,NYI,G,25,13,5,2.13,.930,0.0,0.0,10.2,10.2
,,Thomas Greiss,33,NYI,G,23,14,2,2.28,.927,0.0,0.0,8.7,8.7
2017-18,NHL,Jonathan Quick,32,LAK,G,33,28,3,2.40,.921,0.0,0.0,12.2,12.2
2016-17,NHL,Braden Holtby,27,WSH,G,42,13,6,2.07,.925,0.0,0.0,12.3,12.3
2015-16,NHL,Frederik Andersen,26,ANA,G,22,9,7,2.30,.919,0.0,0.0,7.0,7.0
,,John Gibson,22,ANA,G,21,13,4,2.07,.920,0.0,0.0,6.5,6.5
2014-15,NHL,Corey Crawford,30,CHI,G,32,20,5,2.27,.924,0.0,0.0,11.9,11.9
,,Carey Price,27,MTL,G,44,16,6,1.96,.933,0.0,0.0,16.2,16.2
2013-14,NHL,Jonathan Quick,28,LAK,G,27,17,4,2.07,.915,0.0,0.0,7.4,7.4
2012-13,NHL,Ray Emery,30,CHI,G,17,1,0,1.94,.922,0.0,0.0,3.4,3.4
,,Corey Crawford,28,CHI,G,19,5,5,1.94,.926,0.0,0.0,6.0,6.0
2011-12,NHL,Jaroslav Halák,26,STL,G,26,12,7,1.97,.926,0.0,0.0,9.1,9.1
,,Brian Elliott,26,STL,G,23,10,4,1.56,.940,0.0,0.0,9.0,9.0
2010-11,NHL,Cory Schneider,24,VAN,G,16,4,2,2.23,.929,0.0,0.0,5.6,5.6
,,Roberto Luongo,31,VAN,G,38,15,7,2.11,.928,0.0,0.0,13.6,13.6
2009-10,NHL,Martin Brodeur,37,NJD,G,45,25,6,2.24,.916,0.0,0.0,13.2,13.2
2008-09,NHL,Tim Thomas,34,BOS,G,36,11,7,2.10,.933,0.0,0.0,14.7,14.7
,,Manny Fernandez,34,BOS,G,16,8,3,2.59,.910,0.0,0.0,4.9,4.9
2007-08,NHL,Chris Osgood,35,DET,G,27,9,4,2.09,.914,0.0,0.0,6.6,6.6
,,Dominik Hašek,43,DET,G,27,10,3,2.14,.902,0.0,0.0,4.5,4.5
2006-07,NHL,Manny Fernandez,32,MIN,G,22,16,1,2.55,.911,0.0,0.0,7.8,7.8
,,Niklas Bäckström,28,MIN,G,23,8,6,1.97,.929,0.0,0.0,9.0,9.0
2005-06,NHL,Miikka Kiprusoff,29,CGY,G,42,20,11,2.07,.923,0.0,0.0,16.2,16.2
2003-04,NHL,Martin Brodeur,31,NJD,G,38,26,11,2.03,.917,0.0,0.0,12.5,12.5
2002-03,NHL,Robert Esche,25,PHI,G,12,9,3,2.20,.907,0.0,0.0,3.8,3.8
,,Roman Čechmánek,31,PHI,G,33,15,10,1.83,.925,0.0,0.0,10.9,10.9
,,Martin Brodeur,30,NJD,G,41,23,9,2.02,.914,0.0,0.0,11.4,11.4
2001-02,NHL,Patrick Roy,36,COL,G,32,23,8,1.94,.925,0.0,0.0,13.3,13.3
2000-01,NHL,Dominik Hašek,36,BUF,G,37,24,4,2.11,.921,0.0,0.0,13.9,13.9
1999-00,NHL,Roman Turek,29,STL,G,42,15,9,1.95,.912,0.0,0.0,10.2,10.2
1998-99,NHL,Roman Turek,28,DAL,G,16,3,3,2.08,.915,0.0,0.0,3.7,3.7
,,Ed Belfour,33,DAL,G,35,15,9,1.99,.915,0.0,0.0,9.1,9.1
1997-98,NHL,Martin Brodeur,25,NJD,G,43,17,8,1.89,.917,0.0,0.0,11.1,11.1
1996-97,NHL,Mike Dunham,24,NJD,G,8,7,1,2.55,.906,0.0,0.0,2.5,2.5
,,Martin Brodeur,24,NJD,G,37,14,13,1.88,.927,0.0,0.0,12.4,12.4
1995-96,NHL,Mike Vernon,32,DET,G,21,7,2,2.26,.903,0.0,0.0,4.2,4.2
,,Chris Osgood,23,DET,G,39,6,5,2.17,.911,0.0,0.0,7.8,7.8
1994-95,NHL,Ed Belfour,29,CHI,G,22,15,3,2.28,.906,0.0,0.0,6.0,6.0
1993-94,NHL,Dominik Hašek,29,BUF,G,30,20,6,1.95,.930,0.0,0.0,13.1,13.1
,,Grant Fuhr,31,BUF,G,13,12,3,3.69,.883,0.0,0.0,3.9,3.9
1992-93,NHL,Ed Belfour,27,CHI,G,41,18,11,2.59,.906,0.0,0.0,13.0,13.0
1991-92,NHL,Patrick Roy,26,MTL,G,36,22,8,2.36,.914,0.0,0.0,13.5,13.5
1990-91,NHL,Ed Belfour,25,CHI,G,43,19,7,2.47,.910,0.0,0.0,14.0,14.0
1989-90,NHL,Andy Moog,29,BOS,G,24,10,7,2.89,.893,0.0,0.0,7.3,7.3
,,Réjean Lemelin,35,BOS,G,22,15,2,2.80,.892,0.0,0.0,6.2,6.2
1988-89,NHL,Patrick Roy,23,MTL,G,33,5,6,2.47,.908,0.0,0.0,9.3,9.3
,,Brian Hayward,28,MTL,G,20,13,3,2.90,.887,0.0,0.0,5.3,5.3
1987-88,NHL,Patrick Roy,22,MTL,G,23,12,9,2.90,.900,0.0,0.0,8.7,8.7
,,Brian Hayward,27,MTL,G,22,10,4,2.86,.896,0.0,0.0,6.9,6.9
1986-87,NHL,Patrick Roy,21,MTL,G,22,16,6,2.94,.891,0.0,0.0,7.7,7.7
,,Brian Hayward,26,MTL,G,19,13,4,2.82,.893,0.0,0.0,6.2,6.2
1985-86,NHL,Darren Jensen,25,PHI,G,15,9,1,3.69,.883,0.0,0.0,4.5,4.5
,,Bob Froese,27,PHI,G,31,10,3,2.55,.909,0.0,0.0,9.9,9.9
1984-85,NHL,Bob Sauvé,29,BUF,G,13,10,3,3.23,.855,0.0,0.0,2.3,2.3
,,Tom Barrasso,19,BUF,G,25,18,10,2.67,.887,0.0,0.0,8.1,8.1
1983-84,NHL,Pat Riggin,24,WSH,G,21,14,2,2.67,.889,0.0,0.0,6.0,6.0
,,Al Jensen,25,WSH,G,25,13,3,2.92,.881,0.0,0.0,5.8,5.8
1982-83,NHL,Billy Smith,32,NYI,G,18,14,7,2.87,.906,0.0,0.0,9.1,9.1
,,Roland Melanson,22,NYI,G,24,12,5,2.66,.909,0.0,0.0,10.2,10.2
1981-82,NHL,Denis Herron,29,MTL,G,12,6,8,2.64,.911,0.0,0.0,6.6,6.6
,,Rick Wamsley,22,MTL,G,23,7,7,2.75,.893,0.0,0.0,9.2,9.2
