"","Team","GP","TOI","W","L","OTL","ROW","Points","Point %","CF","CA","CF%","FF","FA","FF%","SF","SA","SF%","GF","GA","GF%","xGF","xGA","xGF%","SCF","SCA","SCF%","SCSF","SCSA","SCSF%","SCGF","SCGA","SCGF%","SCSH%","SCSV%","HDCF","HDCA","HDCF%","HDSF","HDSA","HDSF%","HDGF","HDGA","HDGF%","HDSH%","HDSV%","MDCF","MDCA","MDCF%","MDSF","MDSA","MDSF%","MDGF","MDGA","MDGF%","MDSH%","MDSV%","LDCF","LDCA","LDCF%","LDSF","LDSA","LDSF%","LDGF","LDGA","LDGF%","LDSH%","LDSV%","SH%","SV%","PDO"
"1","Anaheim Ducks","246","14926.55","85","134","27","77","197","0.400","13319","16423","44.78","9792","12261","44.40","6790","8523","44.34","626","889","41.32","666.03","893.07","42.72","6200","8214","43.01","3459","4650","42.66","491","715","40.71","14.19","84.62","2543","3560","41.67","1709","2453","41.06","311","461","40.28","18.20","81.21","3657","4654","44.00","1750","2197","44.34","180","254","41.47","10.29","88.44","7144","9001","44.25","2820","3534","44.38","121","156","43.68","4.29","95.59","9.22","89.57","0.988"
"2","Arizona Coyotes","164","9955.85","64","81","19","59","147","0.448","8604","10358","45.37","6332","7788","44.84","4396","5474","44.54","479","569","45.71","447.11","565.49","44.15","4331","5329","44.83","2418","3013","44.52","384","460","45.50","15.88","84.73","1724","2180","44.16","1175","1476","44.32","228","275","45.33","19.40","81.37","2607","3149","45.29","1243","1537","44.71","156","185","45.75","12.55","87.96","4342","5309","44.99","1770","2206","44.52","87","95","47.80","4.92","95.69","10.90","89.61","1.005"
"3","Boston Bruins","246","14959.3833","145","71","30","137","320","0.650","14046","14587","49.06","10321","10658","49.20","7274","7298","49.92","786","666","54.13","757.63","734.72","50.77","7153","7071","50.29","4056","3813","51.54","633","552","53.42","15.61","85.52","2997","2891","50.90","2084","1928","51.94","401","340","54.12","19.24","82.37","4156","4180","49.86","1972","1885","51.13","232","212","52.25","11.76","88.75","7320","8011","47.75","2807","3061","47.84","132","97","57.64","4.70","96.83","10.81","90.87","1.017"
"4","Buffalo Sabres","246","14907.4167","117","109","20","108","254","0.516","14563","14347","50.37","10731","10820","49.79","7481","7483","49.99","802","827","49.23","751.44","800.86","48.41","7035","7304","49.06","3947","4137","48.82","630","669","48.50","15.96","83.83","2767","3139","46.85","1823","2123","46.20","347","419","45.30","19.03","80.26","4268","4165","50.61","2124","2014","51.33","283","250","53.10","13.32","87.59","7966","7739","50.72","3161","2977","51.50","149","136","52.28","4.71","95.43","10.72","88.95","0.997"
"5","Carolina Hurricanes","246","14913.5667","151","74","21","145","323","0.657","17187","11838","59.21","12509","8948","58.30","8186","6280","56.59","805","651","55.29","862.93","667.77","56.37","8034","5869","57.79","4226","3489","54.78","641","538","54.37","15.17","84.58","3342","2709","55.23","2142","1887","53.16","405","323","55.63","18.91","82.88","4692","3160","59.76","2084","1602","56.54","236","215","52.33","11.32","86.58","9751","6205","61.11","3638","2346","60.80","145","97","59.92","3.99","95.87","9.83","89.63","0.995"
"6","Columbus Blue Jackets","246","14925.8833","92","124","30","82","214","0.435","14465","16101","47.32","10447","11762","47.04","7240","8182","46.95","714","894","44.40","719.89","838.24","46.20","6722","7829","46.20","3726","4318","46.32","572","706","44.76","15.35","83.65","2706","3260","45.36","1821","2210","45.17","346","426","44.82","19.00","80.72","4016","4569","46.78","1905","2108","47.47","226","280","44.66","11.86","86.72","7882","8724","47.46","3076","3501","46.77","129","167","43.58","4.19","95.23","9.86","89.07","0.989"
"7","Calgary Flames","246","14962.8167","117","93","36","110","270","0.549","15988","14154","53.04","11506","10210","52.98","7936","7053","52.95","731","750","49.36","786","732.57","51.76","7459","7069","51.34","4067","3913","50.96","574","614","48.32","14.11","84.31","2942","2841","50.87","1973","1918","50.71","362","353","50.63","18.35","81.60","4517","4228","51.65","2094","1995","51.21","212","261","44.82","10.12","86.92","8820","7678","53.46","3391","2745","55.26","139","118","54.09","4.10","95.70","9.21","89.37","0.986"
"8","Chicago Blackhawks","246","14881.8833","74","148","24","69","172","0.350","12373","15481","44.42","9034","11389","44.23","6367","7993","44.34","604","880","40.70","617.83","818.47","43.02","5818","7852","42.56","3306","4365","43.10","505","695","42.08","15.28","84.08","2380","3290","41.98","1621","2233","42.06","318","451","41.35","19.62","79.80","3438","4562","42.98","1685","2132","44.14","187","244","43.39","11.10","88.56","6786","8220","45.22","2730","3263","45.55","91","158","36.55","3.33","95.16","9.49","88.99","0.985"
"9","Colorado Avalanche","246","14934.3","150","78","18","138","318","0.646","15579","13843","52.95","11201","10101","52.58","7887","7112","52.58","849","706","54.60","778.73","731.29","51.57","7623","6487","54.03","4219","3703","53.26","658","562","53.93","15.60","84.82","3021","2896","51.06","2047","1998","50.61","394","378","51.04","19.25","81.08","4602","3591","56.17","2172","1705","56.02","264","184","58.93","12.15","89.21","8443","7707","52.28","3302","3005","52.35","158","121","56.63","4.78","95.97","10.76","90.07","1.008"
"10","Dallas Stars","246","14936.1333","149","68","29","139","327","0.665","15208","14190","51.73","10901","10450","51.06","7531","7186","51.17","850","669","55.96","821.37","706.43","53.76","7676","6671","53.50","4235","3652","53.70","698","553","55.80","16.48","84.86","3255","2739","54.30","2197","1817","54.73","467","358","56.61","21.26","80.30","4421","3932","52.93","2038","1835","52.62","231","195","54.23","11.33","89.37","8007","7901","50.33","2904","3118","48.22","124","105","54.15","4.27","96.63","11.29","90.69","1.020"
"11","Detroit Red Wings","246","14937.6333","115","104","27","106","257","0.522","13650","15118","47.45","9998","10958","47.71","6937","7490","48.08","747","807","48.07","715.01","763.42","48.36","6478","7301","47.01","3610","3899","48.08","599","642","48.27","16.59","83.53","2517","2974","45.84","1761","1939","47.59","345","390","46.94","19.59","79.89","3961","4327","47.79","1849","1960","48.54","254","252","50.20","13.74","87.14","7633","8355","47.74","2903","3202","47.55","133","148","47.33","4.58","95.38","10.77","89.23","1.000"
"12","Edmonton Oilers","246","14891.4833","147","79","20","145","314","0.638","15457","13459","53.45","11410","9967","53.38","8144","7091","53.46","876","727","54.65","876.08","711.42","55.19","7965","6722","54.23","4496","3785","54.29","716","600","54.41","15.93","84.15","3515","2616","57.33","2402","1772","57.55","461","357","56.36","19.19","79.85","4450","4106","52.01","2094","2013","50.99","255","243","51.20","12.18","87.93","8199","7177","53.32","3243","2920","52.62","147","109","57.42","4.53","96.27","10.76","89.75","1.005"
"13","Florida Panthers","246","14903.9833","141","87","18","130","300","0.610","16564","13372","55.33","12018","10096","54.35","8376","7032","54.36","799","693","53.55","875.67","721.68","54.82","7964","6296","55.85","4409","3666","54.60","627","534","54.01","14.22","85.43","3435","2822","54.90","2310","1959","54.11","415","350","54.25","17.97","82.13","4529","3474","56.59","2099","1707","55.15","212","184","53.54","10.10","89.22","9120","7352","55.37","3563","2923","54.93","149","138","51.92","4.18","95.28","9.54","90.15","0.997"
"14","Los Angeles Kings","246","14928.9667","139","77","30","130","308","0.626","15119","13774","52.33","11101","9808","53.09","7579","6679","53.16","777","667","53.81","760.26","681.6","52.73","7118","6631","51.77","3804","3503","52.06","605","533","53.16","15.90","84.78","2918","2630","52.60","1912","1735","52.43","364","329","52.53","19.04","81.04","4200","4001","51.21","1892","1768","51.69","241","204","54.16","12.74","88.46","9036","8003","53.03","3369","2779","54.80","145","121","54.51","4.30","95.65","10.25","90.01","1.003"
"15","Minnesota Wild","246","14979.0667","130","88","28","117","288","0.585","14446","14854","49.30","10583","10660","49.82","7271","7416","49.51","712","715","49.89","735.8","696.93","51.36","6816","6789","50.10","3686","3758","49.52","551","557","49.73","14.95","85.18","2851","2645","51.87","1901","1791","51.49","351","338","50.94","18.46","81.13","3965","4144","48.90","1785","1967","47.57","200","219","47.73","11.20","88.87","7839","8661","47.51","3160","3301","48.91","128","141","47.58","4.05","95.73","9.79","90.36","1.002"
"16","Montreal Canadiens","246","14968.6167","101","112","33","90","235","0.478","13318","15981","45.46","9585","11398","45.68","6602","7875","45.60","702","847","45.32","690.44","874.3","44.12","6430","8045","44.42","3464","4378","44.17","556","698","44.34","16.05","84.06","2599","3413","43.23","1705","2234","43.29","324","451","41.81","19.00","79.81","3831","4632","45.27","1759","2144","45.07","232","247","48.43","13.19","88.48","7193","8216","46.68","2787","3110","47.26","129","128","50.19","4.63","95.88","10.63","89.24","0.999"
"17","New Jersey Devils","246","14900.6","132","94","20","128","284","0.577","15405","13975","52.43","11005","10249","51.78","7643","6936","52.42","793","723","52.31","824.86","737.9","52.78","7618","6670","53.32","4187","3604","53.74","651","574","53.14","15.55","84.07","3120","2751","53.14","2110","1819","53.70","392","366","51.72","18.58","79.88","4498","3919","53.44","2077","1785","53.78","259","208","55.46","12.47","88.35","8831","8118","52.10","3099","2935","51.36","129","131","49.62","4.16","95.54","10.38","89.58","1.000"
"18","Nashville Predators","246","14897.7667","119","106","21","108","259","0.526","14881","14646","50.40","10793","10728","50.15","7463","7579","49.61","701","758","48.05","785.19","775.34","50.32","7349","7341","50.03","3943","4105","48.99","545","598","47.68","13.82","85.43","3027","2936","50.76","1992","1988","50.05","365","343","51.55","18.32","82.75","4322","4405","49.52","1951","2117","47.96","180","255","41.38","9.23","87.95","8068","7744","51.02","3163","3068","50.76","130","140","48.15","4.11","95.44","9.39","90.00","0.994"
"19","New York Islanders","246","14934.3833","116","93","37","112","269","0.547","14717","15507","48.69","10714","11052","49.22","7415","7588","49.42","709","732","49.20","750.01","779.74","49.03","7186","7395","49.28","3975","3962","50.08","571","559","50.53","14.36","85.89","3021","3072","49.58","2027","2065","49.54","346","345","50.07","17.07","83.29","4165","4323","49.07","1948","1897","50.66","225","214","51.25","11.55","88.72","7973","8281","49.05","3058","3218","48.73","120","147","44.94","3.92","95.43","9.56","90.35","0.999"
"20","New York Rangers","246","14914.3833","141","81","24","132","306","0.622","14917","14449","50.80","11021","10536","51.12","7509","7276","50.79","806","697","53.63","790.15","762.57","50.89","7350","7116","50.81","3970","3990","49.87","627","579","51.99","15.79","85.49","3037","3050","49.89","2002","2073","49.13","379","368","50.74","18.93","82.25","4313","4066","51.47","1968","1917","50.66","248","211","54.03","12.60","88.99","8095","7616","51.52","3199","2924","52.25","158","106","59.85","4.94","96.37","10.73","90.42","1.012"
"21","Ottawa Senators","246","14895.8","121","106","19","113","261","0.530","15225","14513","51.20","11143","10409","51.70","7751","7352","51.32","751","783","48.96","797.97","747.61","51.63","7406","7145","50.90","4111","3915","51.22","618","625","49.72","15.03","84.04","3036","2881","51.31","2059","1936","51.54","374","378","49.73","18.16","80.48","4370","4264","50.61","2052","1979","50.91","244","247","49.69","11.89","87.52","8130","7643","51.54","3163","3005","51.28","117","140","45.53","3.70","95.34","9.69","89.35","0.990"
"22","Philadelphia Flyers","246","14945.1","102","110","34","90","238","0.484","14295","14931","48.91","10510","10299","50.51","7336","7021","51.10","683","817","45.53","710.46","726.06","49.46","6679","7206","48.10","3724","3729","49.97","541","658","45.12","14.53","82.35","2854","2827","50.24","1905","1849","50.75","352","387","47.63","18.48","79.07","3825","4379","46.62","1819","1880","49.18","189","271","41.09","10.39","85.59","7978","8021","49.87","3227","2867","52.95","130","143","47.62","4.03","95.01","9.31","88.36","0.977"
"23","Pittsburgh Penguins","246","14920.25","112","99","35","108","259","0.526","15532","14884","51.07","11292","10992","50.67","7830","7639","50.62","756","798","48.65","846.13","776.12","52.16","7675","7274","51.34","4166","4108","50.35","591","647","47.74","14.19","84.25","3385","2984","53.15","2275","2043","52.69","403","415","49.27","17.71","79.69","4290","4290","50.00","1891","2065","47.80","188","232","44.76","9.94","88.77","8309","7946","51.12","3202","3118","50.66","145","136","51.60","4.53","95.64","9.66","89.55","0.992"
"24","San Jose Sharks","246","14928.1333","61","148","37","57","159","0.323","13605","16309","45.48","9751","11806","45.23","6690","8128","45.15","621","951","39.50","677.89","869.29","43.81","6609","8209","44.60","3532","4503","43.96","494","770","39.08","13.99","82.90","2700","3275","45.19","1734","2178","44.33","283","429","39.75","16.32","80.30","3909","4934","44.20","1798","2325","43.61","211","341","38.22","11.74","85.33","7943","9392","45.82","2778","3254","46.05","114","160","41.61","4.10","95.08","9.28","88.30","0.976"
"25","Seattle Kraken","246","14918.35","115","104","27","110","257","0.522","14574","14346","50.39","10533","10477","50.13","7089","6951","50.49","748","746","50.07","706.14","727.82","49.24","6692","6654","50.14","3582","3517","50.46","591","591","50.00","16.50","83.20","2660","2763","49.05","1699","1737","49.45","344","375","47.84","20.25","78.41","4032","3891","50.89","1883","1780","51.41","247","216","53.35","13.12","87.87","8151","8183","49.90","3114","3046","50.55","140","126","52.63","4.50","95.86","10.55","89.27","0.998"
"26","St Louis Blues","246","14928.3","124","101","21","112","269","0.547","13248","14787","47.26","9747","10876","47.26","6897","7525","47.82","744","777","48.92","681.8","781.72","46.59","6650","7292","47.70","3779","3989","48.65","612","621","49.64","16.19","84.43","2561","3014","45.94","1761","2004","46.77","347","399","46.51","19.70","80.09","4089","4278","48.87","2018","1985","50.41","265","222","54.41","13.13","88.82","7118","7945","47.25","2731","3160","46.36","115","131","46.75","4.21","95.85","10.79","89.67","1.005"
"27","Tampa Bay Lightning","246","14894.6667","138","86","22","130","298","0.606","14770","14111","51.14","10745","10305","51.05","7367","7324","50.15","860","735","53.92","791.52","748.66","51.39","7442","6893","51.91","4106","3926","51.12","674","582","53.66","16.42","85.18","3081","2808","52.32","2092","1962","51.60","434","338","56.22","20.75","82.77","4361","4085","51.63","2014","1964","50.63","240","244","49.59","11.92","87.58","8459","8172","50.86","2925","3025","49.16","168","130","56.38","5.74","95.70","11.67","89.96","1.016"
"28","Toronto Maple Leafs","246","14921.3667","148","73","25","141","321","0.652","14672","14889","49.63","10868","10732","50.31","7598","7272","51.10","843","710","54.28","807.34","754.37","51.70","7649","7148","51.69","4312","3811","53.08","707","566","55.54","16.40","85.15","3316","2904","53.31","2265","1908","54.28","432","333","56.47","19.07","82.55","4333","4244","50.52","2047","1903","51.82","275","233","54.13","13.43","87.76","7615","8073","48.54","2904","3094","48.42","116","130","47.15","3.99","95.80","11.10","90.24","1.013"
"29","Vancouver Canucks","246","14956.8833","126","90","30","117","282","0.573","13946","13987","49.93","10134","10292","49.61","6862","7066","49.27","782","768","50.45","734.43","729.75","50.16","6878","6725","50.56","3747","3720","50.18","630","600","51.22","16.81","83.87","2944","2895","50.42","1973","1941","50.41","416","390","51.61","21.08","79.91","3934","3830","50.67","1774","1779","49.93","214","210","50.47","12.06","88.20","7521","7623","49.66","2752","2946","48.30","127","143","47.04","4.61","95.15","11.40","89.13","1.005"
"30","Vegas Golden Knights","246","14940.5167","146","73","27","136","319","0.648","14731","15072","49.43","10713","10573","50.33","7617","7162","51.54","804","682","54.10","761.01","704.92","51.91","7197","7040","50.55","4105","3609","53.21","669","535","55.56","16.30","85.18","3005","2711","52.57","2043","1731","54.13","400","321","55.48","19.58","81.46","4192","4329","49.20","2062","1878","52.34","269","214","55.69","13.05","88.60","7991","8211","49.32","3062","3160","49.21","109","132","45.23","3.56","95.82","10.56","90.48","1.010"
"31","Winnipeg Jets","246","14862.6833","154","79","13","151","321","0.652","14530","14243","50.50","10759","10416","50.81","7291","7145","50.51","780","612","56.03","768.21","728.7","51.32","6945","6647","51.10","3766","3664","50.69","639","480","57.10","16.97","86.90","3034","2859","51.48","2002","1843","52.07","410","309","57.02","20.48","83.23","3911","3788","50.80","1764","1821","49.21","229","171","57.25","12.98","90.61","7977","7868","50.34","3147","3064","50.67","128","108","54.24","4.07","96.48","10.70","91.43","1.021"
"32","Washington Capitals","246","14944.2","126","90","30","118","282","0.573","14317","15051","48.75","10334","10777","48.95","6989","7283","48.97","755","742","50.43","760.68","775.75","49.51","6972","7030","49.79","3733","3789","49.63","608","589","50.79","16.29","84.46","2929","2916","50.11","1921","1943","49.72","392","399","49.56","20.41","79.46","4043","4114","49.56","1812","1846","49.54","216","190","53.20","11.92","89.71","7565","8364","47.49","2862","3117","47.87","129","140","47.96","4.51","95.51","10.80","89.81","1.006"
"33","Utah Hockey Club","82","4994.2167","38","31","13","37","89","0.543","5081","4752","51.67","3633","3371","51.87","2342","2272","50.76","240","247","49.28","258.19","249.62","50.84","2357","2212","51.59","1242","1125","52.47","188","194","49.21","15.14","82.76","914","885","50.81","609","559","52.14","108","122","46.96","17.73","78.18","1443","1327","52.09","633","566","52.79","80","72","52.63","12.64","87.28","3095","2841","52.14","985","1003","49.55","43","46","48.31","4.37","95.41","10.25","89.13","0.994"
