"","Team","GP","TOI/GP","W","L","OTL","ROW","Points","Point %","CF/60","CA/60","CF%","FF/60","FA/60","FF%","SF/60","SA/60","SF%","GF/60","GA/60","GF%","xGF/60","xGA/60","xGF%","SCF/60","SCA/60","SCF%","SCSF/60","SCSA/60","SCSF%","SCGF/60","SCGA/60","SCGF%","SCSH%","SCSV%","HDCF/60","HDCA/60","HDCF%","HDSF/60","HDSA/60","HDSF%","HDGF/60","HDGA/60","HDGF%","HDSH%","HDSV%","MDCF/60","MDCA/60","MDCF%","MDSF/60","MDSA/60","MDSF%","MDGF/60","MDGA/60","MDGF%","MDSH%","MDSV%","LDCF/60","LDCA/60","LDCF%","LDSF/60","LDSA/60","LDSF%","LDGF/60","LDGA/60","LDGF%","LDSH%","LDSV%","SH%","SV%","PDO"
"1","Anaheim Ducks","82","61.1039","43","33","6","35","92","0.561","63.79","58.53","52.15","47.23","43.11","52.28","30.2","27.87","52.01","3.17","3.45","47.92","3.49","3.49","50.02","30.73","30.58","50.12","16.07","16.11","49.94","2.49","2.77","47.38","15.50","82.83","13.47","13.28","50.36","8.14","8.2","49.82","1.48","1.6","48.06","18.24","80.44","17.26","17.3","49.93","7.93","7.9","50.08","1.01","1.16","46.41","12.69","85.30","36.99","33.95","52.14","12.93","10.25","55.79","0.61","0.57","51.52","4.72","94.39","10.51","87.62","0.981"
"2","Boston Bruins","82","60.8803","45","27","10","41","100","0.610","57.21","60.79","48.48","41.8","44.54","48.41","26.59","29.24","47.62","3.22","2.97","52.04","3.09","3.57","46.41","26.99","29.77","47.55","13.93","16.03","46.49","2.52","2.26","52.76","18.12","85.91","11.45","13.52","45.86","6.92","8.5","44.89","1.47","1.39","51.26","21.18","83.59","15.54","16.25","48.88","7.01","7.54","48.18","1.06","0.87","55.00","15.09","88.52","33.92","35.96","48.54","10.88","12.05","47.43","0.64","0.67","48.62","5.86","94.42","12.12","89.85","1.020"
"3","Buffalo Sabres","82","60.5858","50","23","9","45","109","0.665","56.58","59.38","48.79","42.69","43.73","49.40","27.83","28.76","49.18","3.42","2.9","54.11","3.27","3.3","49.78","27.2","28.12","49.17","14.61","15.52","48.50","2.75","2.36","53.90","18.84","84.82","11.92","12.32","49.18","7.39","8.08","47.78","1.65","1.45","53.31","22.39","82.06","15.28","15.8","49.16","7.22","7.44","49.26","1.1","0.91","54.82","15.22","87.82","32.98","36.85","47.23","12.13","11.55","51.22","0.52","0.45","53.75","4.28","96.13","12.28","89.92","1.022"
"4","Carolina Hurricanes","82","60.9378","53","22","7","48","113","0.689","69.08","47.44","59.28","50.05","35.42","58.56","31.65","23.56","57.33","3.49","2.83","55.22","3.71","2.89","56.22","33.43","25.06","57.15","16.83","14.12","54.38","2.81","2.47","53.18","16.69","82.48","13.81","11.46","54.66","8.61","7.34","53.99","1.52","1.52","50.00","17.71","79.21","19.62","13.6","59.05","8.23","6.78","54.80","1.28","0.95","57.53","15.62","86.02","41.67","26.2","61.39","13.62","7.86","63.39","0.62","0.26","70.27","4.59","96.64","11.04","87.97","0.990"
"5","Columbus Blue Jackets","82","61.0047","40","30","12","33","92","0.561","59.71","59.83","49.95","43.18","43.78","49.66","28.86","28.27","50.51","2.95","3.01","49.50","3.19","3.18","50.13","28.93","28.56","50.32","15.17","15.03","50.24","2.34","2.19","51.59","15.42","85.40","11.65","12.25","48.74","7.16","7.8","47.87","1.31","1.25","51.17","18.26","84.00","17.28","16.31","51.45","8.01","7.23","52.56","1.03","0.95","52.12","12.87","86.90","34.81","35.91","49.22","12.2","11.87","50.67","0.53","0.68","43.56","4.33","94.24","10.22","89.35","0.996"
"6","Calgary Flames","82","60.6722","34","39","9","30","77","0.470","57.79","60.48","48.86","41.25","44.3","48.22","27.81","29.56","48.48","2.51","3.09","44.83","2.94","3.38","46.53","26.63","30.84","46.34","14.19","16.38","46.43","1.97","2.56","43.47","13.85","84.39","11.58","13.05","47.01","7.38","8.38","46.82","1.3","1.57","45.38","17.65","81.29","15.05","17.79","45.83","6.81","8","46.01","0.66","0.99","40.15","9.73","87.63","35.09","34.29","50.58","11.78","11.32","50.99","0.46","0.4","53.52","3.89","96.49","9.02","89.56","0.986"
"7","Chicago Blackhawks","82","60.8303","29","39","14","26","72","0.439","50.29","58.71","46.14","37.65","44.92","45.60","24.24","29.55","45.06","2.53","3.25","43.75","2.62","3.45","43.14","24.35","30.72","44.21","13.03","16.8","43.67","2.13","2.72","43.92","16.34","83.82","10","14.19","41.32","6.27","9.35","40.14","1.37","1.67","45.06","21.88","82.11","14.35","16.53","46.47","6.76","7.46","47.55","0.76","1.05","42.00","11.21","85.97","29.65","33.5","46.95","9.98","11.17","47.19","0.36","0.47","43.48","3.61","95.80","10.42","89.01","0.994"
"8","Colorado Avalanche","82","60.7902","55","16","11","51","121","0.738","68.7","53.94","56.02","49.83","39.96","55.50","33.29","25.76","56.38","3.59","2.37","60.20","3.73","2.92","56.09","33.33","25.75","56.42","17.81","13.37","57.12","2.65","1.83","59.14","14.86","86.32","13.26","11.23","54.15","8.44","6.91","54.98","1.58","1.16","57.71","18.69","83.28","20.06","14.52","58.02","9.38","6.46","59.19","1.07","0.67","61.38","11.42","89.57","41.15","32.91","55.57","14.06","10.89","56.34","0.84","0.47","64.22","5.99","95.69","10.77","90.79","1.016"
"9","Dallas Stars","82","60.9776","50","20","12","44","112","0.683","50.45","54.96","47.86","36.87","39.21","48.46","24.91","25.74","49.18","3.28","2.66","55.15","3.23","2.96","52.17","27.35","26.22","51.05","15.01","13.36","52.92","2.78","2.11","56.86","18.55","84.19","12.46","10.98","53.15","8.28","6.9","54.55","1.84","1.22","60.00","22.17","82.26","14.89","15.24","49.42","6.73","6.46","51.05","0.95","0.89","51.63","14.08","86.25","27.85","32.87","45.87","8.74","10.98","44.31","0.42","0.42","50.00","4.81","96.17","13.15","89.65","1.028"
"10","Detroit Red Wings","82","60.7185","41","31","10","39","92","0.561","58.3","59.9","49.32","43.03","42.59","50.26","27.87","27.4","50.43","2.88","3.06","48.48","3.31","3.13","51.34","28.15","29.4","48.91","15.18","14.52","51.12","2.3","2.41","48.85","15.16","83.40","12.23","11.71","51.08","7.88","7.11","52.57","1.39","1.46","48.73","17.58","79.49","15.92","17.69","47.36","7.3","7.41","49.63","0.92","0.95","49.03","12.54","87.15","34.49","35.44","49.32","11.3","11.56","49.45","0.43","0.54","44.44","3.84","95.31","10.33","88.83","0.992"
"11","Edmonton Oilers","82","60.6157","41","30","11","41","93","0.567","58","57.04","50.42","43.46","41.33","51.25","29.43","26.39","52.72","3.4","3.2","51.55","3.42","3.18","51.80","29.68","29.72","49.97","16.42","14.8","52.59","2.78","2.61","51.57","16.91","82.38","13.01","11.93","52.18","8.39","7.22","53.75","1.64","1.58","50.94","19.57","78.09","16.67","17.79","48.37","8.03","7.58","51.43","1.13","1.03","52.51","14.14","86.46","33.69","30.93","52.14","11.58","10.35","52.81","0.56","0.53","51.11","4.80","94.87","11.57","87.88","0.994"
"12","Florida Panthers","82","60.6429","40","38","4","35","84","0.512","60.32","54.28","52.63","43.94","40.83","51.84","27.7","26.5","51.11","2.97","3.31","47.31","3.42","3.28","51.09","29.61","26.21","53.05","15.24","14.29","51.61","2.44","2.65","47.87","15.99","81.42","13.01","12.03","51.95","7.88","7.67","50.66","1.48","1.71","46.42","18.84","77.67","16.6","14.18","53.94","7.36","6.61","52.68","0.95","0.94","50.32","12.95","85.77","34.88","31.87","52.26","11.28","10.53","51.71","0.41","0.58","41.46","3.64","94.50","10.71","87.52","0.982"
"13","Los Angeles Kings","82","61.3157","35","27","20","30","90","0.549","60.9","56.27","51.98","43.25","40.62","51.57","27.41","26.56","50.78","2.63","2.84","48.03","3.2","2.92","52.33","28.83","27.08","51.57","14.32","14.12","50.36","2.15","2.12","50.28","15.00","84.95","12.52","11.49","52.14","7.76","7.18","51.92","1.36","1.17","53.77","17.54","83.72","16.31","15.59","51.14","6.56","6.93","48.63","0.79","0.95","45.21","12.00","86.23","35.31","33.8","51.10","11.61","10.97","51.43","0.42","0.63","39.77","3.60","94.23","9.58","89.31","0.989"
"14","Minnesota Wild","82","61.0955","46","24","12","42","104","0.634","58.66","60.89","49.07","43.82","44.06","49.86","28.62","28.88","49.78","3.21","2.81","53.28","3.37","3.1","52.12","29.15","29.47","49.72","15.14","15.39","49.59","2.48","2.3","51.88","16.38","85.06","12.37","11.84","51.09","7.77","7.52","50.82","1.53","1.41","52.03","19.72","81.21","16.78","17.63","48.76","7.37","7.87","48.35","0.95","0.89","51.63","12.85","88.74","33.17","36.86","47.37","11.76","12.06","49.37","0.6","0.44","57.47","5.09","96.33","11.21","90.25","1.015"
"15","Montreal Canadiens","82","61.0636","48","24","10","44","106","0.646","55.14","58.89","48.36","40.65","41.75","49.33","25.82","27.33","48.58","3.34","3.01","52.64","3.3","3.46","48.86","27.28","29.41","48.13","14.13","15.42","47.81","2.56","2.47","50.95","18.15","83.99","10.94","13.06","45.58","6.81","7.97","46.07","1.31","1.55","45.80","19.19","80.60","16.34","16.34","50.00","7.32","7.45","49.55","1.26","0.92","57.69","17.18","87.62","31.8","32.7","49.30","10.38","10.57","49.54","0.67","0.5","57.14","6.47","95.24","12.95","89.00","1.019"
"16","New Jersey Devils","82","60.6602","42","37","3","38","87","0.530","60.55","56.23","51.85","44.15","41.13","51.77","29.26","27.09","51.93","2.73","3.05","47.18","3.3","3.14","51.22","29.78","28.14","51.42","16.13","15.03","51.76","2.21","2.51","46.80","13.69","83.31","12.54","12.1","50.91","7.99","7.6","51.24","1.29","1.57","45.15","16.16","79.37","17.24","16.04","51.79","8.14","7.43","52.29","0.92","0.94","49.35","11.26","87.34","35.46","32.41","52.25","11.78","10.75","52.30","0.43","0.46","48.65","3.68","95.74","9.32","88.74","0.981"
"17","Nashville Predators","82","60.8404","38","34","10","33","86","0.524","57.82","56.93","50.39","42.01","43.67","49.03","27.47","29.2","48.47","2.91","3.21","47.54","3.19","3.29","49.26","27.88","28.11","49.80","14.85","16.12","47.96","2.27","2.62","46.44","15.30","83.73","12.12","12.47","49.29","7.69","8.38","47.83","1.43","1.71","45.59","18.62","79.63","15.75","15.63","50.19","7.17","7.73","48.10","0.84","0.91","47.95","11.74","88.18","34.48","34.2","50.20","11.38","11.87","48.94","0.58","0.54","51.61","5.07","95.44","10.60","89.00","0.996"
"18","New York Islanders","82","60.8305","43","34","5","39","91","0.555","57.62","58.41","49.66","42.45","42.7","49.85","27.82","27.29","50.48","2.75","2.84","49.25","3.19","3.6","47.00","28.18","29.59","48.78","15.16","15.78","48.99","2.25","2.33","49.08","14.84","85.21","11.7","13.68","46.11","7.59","8.61","46.84","1.25","1.26","49.76","16.48","85.34","16.48","15.91","50.87","7.57","7.17","51.35","1","1.07","48.26","13.20","85.07","34.79","31.79","52.25","11.46","10.16","53.00","0.45","0.42","51.39","3.88","95.86","9.90","89.60","0.995"
"19","New York Rangers","82","60.673","34","39","9","31","77","0.470","55.92","59.11","48.62","39.87","43.5","47.82","24.87","28.44","46.65","2.83","3","48.55","2.99","3.37","47.07","27.45","28.43","49.13","13.4","15.24","46.78","2.18","2.39","47.76","16.29","84.34","11.87","11.67","50.41","6.97","7.55","48.01","1.31","1.47","47.19","18.86","80.51","15.58","16.75","48.19","6.43","7.69","45.52","0.87","0.92","48.65","13.51","88.09","33.18","34.24","49.21","10.15","11.98","45.89","0.58","0.51","53.33","5.70","95.77","11.40","89.44","1.008"
"20","Ottawa Senators","82","60.5726","44","27","11","41","99","0.604","58.9","51.69","53.26","43.64","37.22","53.97","28.65","24.16","54.25","3.32","2.96","52.88","3.38","2.82","54.55","29.96","24.39","55.12","16.49","12.84","56.22","2.72","2.44","52.69","16.48","81.00","12.91","10.33","55.56","8.42","6.57","56.16","1.7","1.5","53.21","20.23","77.21","17.04","14.06","54.80","8.07","6.27","56.28","1.01","0.94","51.85","12.57","84.97","34.57","30.12","53.45","10.62","10.17","51.07","0.52","0.5","51.19","4.89","95.13","11.59","87.75","0.993"
"21","Philadelphia Flyers","82","61.31","43","27","12","33","98","0.598","51.81","55.57","48.25","38.21","39.63","49.09","24.93","24.87","50.06","2.86","2.85","50.10","3.08","2.86","51.84","26.55","27.02","49.57","14.14","13.13","51.86","2.3","2.3","50.00","16.29","82.45","11.85","10.48","53.07","7.24","6.15","54.10","1.19","1.18","50.25","16.47","80.78","14.7","16.54","47.06","6.9","6.98","49.70","1.11","1.12","49.73","16.09","83.93","28.93","32.07","47.43","9.37","10.51","47.12","0.44","0.5","46.84","4.71","95.23","11.49","88.53","1.000"
"22","Pittsburgh Penguins","82","61.0187","41","25","16","38","98","0.598","58.48","58.47","50.01","43.22","42.53","50.40","28.08","26.9","51.08","3.48","3.09","52.92","3.4","3.22","51.36","30.43","29.68","50.63","16.36","15.24","51.76","2.75","2.39","53.50","16.79","84.34","13.48","12.47","51.94","8.56","7.47","53.40","1.63","1.43","53.33","19.05","80.90","16.96","17.21","49.63","7.79","7.77","50.08","1.12","0.96","53.76","14.31","87.65","32.28","33.73","48.90","10.24","10.55","49.25","0.62","0.62","50.00","6.09","94.09","12.38","88.50","1.009"
"23","San Jose Sharks","82","60.7165","39","35","8","37","86","0.524","52.69","59.52","46.96","37.67","43.71","46.29","25.44","29.32","46.46","3","3.49","46.20","2.9","3.32","46.59","27.2","28.97","48.42","14.82","16.03","48.05","2.52","2.74","47.94","16.99","82.93","11.81","12.81","47.97","7.87","8.24","48.84","1.59","1.58","50.19","20.21","80.85","15.39","16.16","48.78","6.95","7.79","47.18","0.93","1.16","44.51","13.34","85.14","29.91","36.32","45.16","9.48","11.92","44.31","0.46","0.65","41.30","4.83","94.54","11.80","88.08","0.999"
"24","Seattle Kraken","82","60.8657","34","37","11","32","79","0.482","52.79","62.49","45.79","38.94","45.51","46.11","25.22","29","46.52","2.69","3.09","46.57","2.8","3.34","45.60","24.25","28.84","45.67","12.9","14.57","46.96","2.02","2.31","46.67","15.66","84.16","9.83","12.37","44.29","6.14","7.21","45.99","1.3","1.47","46.96","21.14","79.67","14.41","16.47","46.67","6.76","7.36","47.87","0.72","0.84","46.15","10.68","88.56","32.72","38.35","46.04","11.16","13","46.19","0.6","0.66","47.62","5.39","94.91","10.68","89.34","1.000"
"25","St Louis Blues","82","60.6935","37","33","12","36","86","0.524","51.45","56.53","47.65","37.34","41.76","47.20","25.02","27.38","47.75","2.77","3.06","47.52","2.82","2.99","48.52","25.91","26.87","49.09","13.98","14","49.98","2.24","2.41","48.19","16.03","82.77","10.44","11.42","47.77","6.46","7.14","47.52","1.19","1.57","43.23","18.47","78.04","15.47","15.46","50.02","7.52","6.86","52.31","1.05","0.84","55.41","13.94","87.70","29.8","34.03","46.69","9.81","11.87","45.25","0.46","0.59","43.68","4.67","95.03","11.08","88.82","0.999"
"26","Tampa Bay Lightning","82","60.6215","50","26","6","46","106","0.646","59.02","52.96","52.71","43.11","39.72","52.05","27.83","26.43","51.29","3.45","2.76","55.53","3.5","2.98","54.04","29.78","25.59","53.78","15.78","14.41","52.26","2.85","2.18","56.59","18.06","84.84","12.75","10.84","54.04","7.8","7.23","51.89","1.74","1.26","58.06","22.29","82.64","17.03","14.75","53.59","7.98","7.18","52.63","1.11","0.93","54.44","13.92","87.06","34.09","33.04","50.78","10.9","10.55","50.82","0.54","0.45","54.88","4.98","95.77","12.40","89.54","1.019"
"27","Toronto Maple Leafs","82","60.9382","32","36","14","31","78","0.476","52.32","64.91","44.63","39.32","48.34","44.86","25.94","31.98","44.79","3.03","3.54","46.07","2.93","3.57","45.09","26.34","32.19","45.01","14.43","17.31","45.46","2.47","2.85","46.50","17.14","83.56","11.49","13.42","46.12","7.64","8.51","47.29","1.55","1.55","50.00","20.28","81.81","14.85","18.77","44.18","6.8","8.8","43.57","0.92","1.3","41.62","13.60","85.27","30.63","37.45","44.99","9.75","13.39","42.14","0.47","0.56","45.35","4.80","95.78","11.67","88.92","1.006"
"28","Utah Mammoth","82","60.3307","43","33","6","43","92","0.561","59.55","54.92","52.02","43.07","40.07","51.80","27.49","26.02","51.38","3.25","2.91","52.76","3.23","3.23","49.96","27.74","27.13","50.55","14.49","14.03","50.81","2.45","2.41","50.37","16.90","82.80","12.27","11.89","50.80","7.73","7.31","51.37","1.48","1.52","49.39","19.15","79.27","15.46","15.25","50.36","6.77","6.72","50.18","0.97","0.9","51.95","14.34","86.64","35.45","32.26","52.36","11.53","10.47","52.43","0.65","0.44","60.00","5.68","95.83","11.82","88.81","1.006"
"29","Vancouver Canucks","82","60.8803","25","49","8","19","58","0.354","54.46","59.66","47.72","40.21","44.83","47.29","25.55","29.31","46.57","2.52","3.77","40.08","2.95","3.46","46.02","26.51","30.56","46.45","13.75","16.45","45.52","2.09","2.99","41.13","15.21","81.81","11.83","13.52","46.66","7.32","8.75","45.55","1.32","1.79","42.47","18.06","79.53","14.69","17.04","46.29","6.43","7.7","45.49","0.77","1.2","39.02","11.96","84.40","32.69","33.72","49.22","10.42","11.55","47.43","0.34","0.62","35.00","3.23","94.59","9.88","87.13","0.970"
"30","Vegas Golden Knights","82","61.1667","39","26","17","38","95","0.579","58.99","53.59","52.40","42.99","38.22","52.94","28.38","23.91","54.27","3.16","2.89","52.17","3.28","2.72","54.68","30.04","25.97","53.63","15.36","12.76","54.62","2.52","2.26","52.75","16.43","82.29","13.45","9.99","57.38","8.42","5.91","58.76","1.67","1.41","54.26","19.89","76.11","16.59","15.98","50.94","6.94","6.85","50.30","0.85","0.85","50.00","12.24","87.61","34.15","30.82","52.57","11.11","9.82","53.09","0.55","0.57","48.94","4.95","94.15","11.13","87.89","0.990"
"31","Winnipeg Jets","82","60.6872","35","35","12","33","82","0.500","54.3","57.16","48.72","40.38","42.32","48.83","25.98","27.42","48.66","2.76","3.09","47.22","3.06","3.26","48.39","27.21","28.3","49.02","13.68","14.95","47.79","2.24","2.56","46.73","16.39","82.90","11.66","12.32","48.62","6.85","7.45","47.89","1.46","1.45","50.21","21.30","80.58","15.55","15.98","49.33","6.84","7.5","47.69","0.78","1.11","41.40","11.46","85.21","32.95","33","49.96","11.09","11.23","49.70","0.45","0.48","48.05","4.02","95.70","10.63","88.74","0.994"
"32","Washington Capitals","82","60.71","43","30","9","41","95","0.579","58.06","60.12","49.13","42.85","43.1","49.85","27.68","27.79","49.90","3.15","2.87","52.30","3.45","3.39","50.42","28.97","29.14","49.85","15.09","14.75","50.57","2.45","2.17","53.00","16.21","85.29","13.02","12.59","50.82","8.15","7.7","51.41","1.49","1.43","51.03","18.34","81.38","15.96","16.55","49.09","6.94","7.05","49.61","0.95","0.74","56.43","13.72","89.57","33.25","35.18","48.59","10.92","11.63","48.42","0.55","0.57","49.46","5.08","95.13","11.36","89.68","1.010"
