"","Player","Team","GP","TOI","Shots Against","Saves","Goals Against","SV%","GAA","GSAA","xG Against","HD Shots Against","HD Saves","HD Goals Against","HDSV%","HDGAA","HDGSAA","MD Shots Against","MD Saves","MD Goals Against","MDSV%","MDGAA","MDGSAA","LD Shots Against","LD Saves","LD Goals Against","LDSV%","LDGAA","LDGSAA","Rush Attempts Against","Rebound Attempts Against","Avg. Shot Distance","Avg. Goal Distance"
"39","Connor Hellebuyck","WPG","187","11086.7","5426","5002","424","0.922","2.29","104.65","532.26","1434","1200","234","0.837","1.27","34.34","1377","1252","125","0.909","0.68","34.65","2306","2241","65","0.972","0.35","26.90","288","969","36.59","19.84"
"46","Juuse Saros","NSH","186","10794","5537","5026","511","0.908","2.84","28.46","533.4","1472","1218","254","0.827","1.41","21.45","1554","1386","168","0.892","0.93","12.17","2228","2140","88","0.961","0.49","0.79","378","912","34.17","20.40"
"57","Ilya Sorokin","NYI","179","10412.5","5357","4892","465","0.913","2.68","56.92","523.1","1470","1237","233","0.841","1.34","42.08","1333","1189","144","0.892","0.83","10.55","2304","2216","88","0.962","0.51","3.82","272","1028","34.90","21.06"
"33","Andrei Vasilevskiy","T.B","175","10402.366666667","5069","4626","443","0.913","2.56","50.87","481.69","1321","1106","215","0.837","1.24","32.19","1380","1224","156","0.887","0.90","4.00","2128","2057","71","0.967","0.41","13.81","299","818","34.89","21.68"
"60","Igor Shesterkin","NYR","174","10271","5076","4624","452","0.911","2.64","42.55","506.09","1447","1196","251","0.827","1.47","19.77","1342","1205","137","0.898","0.80","18.59","2032","1968","64","0.969","0.37","16.98","378","929","34.22","19.43"
"83","Jake Oettinger","DAL","174","10139.533333333","4864","4433","431","0.911","2.55","42.89","461.4","1228","986","242","0.803","1.43","-12.21","1225","1097","128","0.896","0.76","14.03","2125","2064","61","0.971","0.36","23.69","281","753","36.79","19.00"
"29","Jordan Binnington","STL","174","10058.466666667","5068","4573","495","0.902","2.95","-1.23","509.54","1380","1118","262","0.810","1.56","-3.77","1343","1201","142","0.894","0.85","13.71","2119","2028","91","0.957","0.54","-6.55","295","900","33.96","20.56"
"94","Alexandar Georgiev","COL, S.J","174","10010.083333333","4992","4489","503","0.899","3.01","-16.64","491.35","1428","1167","261","0.817","1.56","6.22","1204","1066","138","0.885","0.83","1.59","2103","1999","104","0.951","0.62","-20.19","287","875","34.50","19.77"
"18","Sergei Bobrovsky","FLA","162","9448.6166666667","4427","4017","410","0.907","2.60","21.32","421.25","1188","972","216","0.818","1.37","6.31","1071","964","107","0.900","0.68","17.17","1885","1798","87","0.954","0.55","-11.88","252","712","37.01","20.05"
"82","Stuart Skinner","EDM","160","9206.8833333333","4414","3997","417","0.906","2.72","13.05","438.73","1149","929","220","0.809","1.43","-4.99","1284","1145","139","0.892","0.91","9.87","1748","1690","58","0.967","0.38","11.66","249","721","34.69","20.41"
"11","Jacob Markstrom","CGY, N.J","156","9144.9666666667","4134","3716","418","0.899","2.74","-15.23","426.19","1172","968","204","0.826","1.34","15.31","1175","1028","147","0.875","0.96","-10.77","1566","1499","67","0.957","0.44","-4.59","320","724","34.69","21.72"
"68","Karel Vejmelka","ARI, UTA","146","8349.3","4270","3843","427","0.900","3.07","-10.98","430.52","1170","930","240","0.795","1.72","-21.06","1122","1003","119","0.894","0.86","11.09","1762","1694","68","0.961","0.49","2.22","219","685","35.11","19.65"
"64","Sam Montembeault","MTL","143","8297.7","4331","3905","426","0.902","3.08","-4.04","471.02","1236","998","238","0.807","1.72","-6.71","1135","1009","126","0.889","0.91","5.59","1753","1691","62","0.965","0.45","7.86","251","841","34.28","19.51"
"80","Filip Gustavsson","MIN","142","8261.0666666667","4149","3793","356","0.914","2.59","48.23","375.79","983","811","172","0.825","1.25","11.95","1133","1016","117","0.897","0.85","14.36","1854","1787","67","0.964","0.49","6.89","237","652","35.91","20.56"
"85","Ukko-Pekka Luukkonen","BUF","142","8163.9166666667","4015","3599","416","0.896","3.06","-24.82","397.21","1098","879","219","0.801","1.61","-13.53","1090","968","122","0.888","0.90","4.38","1637","1562","75","0.954","0.55","-9.76","246","723","35.08","20.87"
"16","Darcy Kuemper","L.A, WSH","140","8063.9666666667","3883","3526","357","0.908","2.66","21.32","387","1042","855","187","0.821","1.39","7.99","1007","902","105","0.896","0.78","11.75","1625","1560","65","0.960","0.48","-0.24","278","666","35.51","21.17"
"92","Jeremy Swayman","BOS","139","7969.4166666667","3869","3509","360","0.907","2.71","16.95","380.94","1015","829","186","0.817","1.40","3.93","1013","883","130","0.872","0.98","-12.55","1632","1588","44","0.973","0.33","21.04","279","672","35.68","19.91"
"17","Cam Talbot","DET, L.A, OTT","137","7706.7","3721","3367","354","0.905","2.76","8.53","364.09","902","722","180","0.800","1.40","-11.21","972","857","115","0.882","0.90","-2.31","1632","1573","59","0.964","0.46","6.04","215","667","36.32","20.01"
"40","Linus Ullmark","BOS, OTT","134","7749.9666666667","3895","3589","306","0.921","2.37","73.48","367.27","1056","891","165","0.844","1.28","32.61","1008","914","94","0.907","0.73","22.87","1607","1560","47","0.971","0.36","17.04","294","695","35.58","20.15"
"47","Tristan Jarry","PIT","134","7410.5666666667","3754","3388","366","0.903","2.96","-0.25","355.75","960","757","203","0.789","1.64","-23.36","1026","917","109","0.894","0.88","9.96","1569","1516","53","0.966","0.43","9.53","223","608","35.72","19.72"
"24","Petr Mrazek","CHI, DET","133","7397.95","4039","3631","408","0.899","3.31","-14.49","385.25","1135","911","224","0.803","1.82","-11.61","1070","954","116","0.892","0.94","8.06","1676","1608","68","0.959","0.55","-1.21","234","724","33.85","18.81"
"31","John Gibson","ANA","128","7129.1833333333","4138","3715","423","0.898","3.56","-19.84","415.87","1249","1021","228","0.817","1.92","5.72","1048","919","129","0.877","1.09","-7.49","1697","1631","66","0.961","0.56","1.63","206","704","32.79","19.73"
"93","Logan Thompson","VGK, WSH","126","7354.05","3602","3282","320","0.911","2.61","30.94","346.54","885","724","161","0.818","1.31","4.61","910","820","90","0.901","0.73","15.51","1623","1555","68","0.958","0.55","-3.32","239","663","35.81","21.38"
"56","Elvis Merzlikins","CBJ","124","6989.7833333333","3713","3305","408","0.890","3.50","-46.25","365.82","992","792","200","0.798","1.72","-14.37","933","805","128","0.863","1.10","-19.83","1617","1537","80","0.951","0.69","-15.56","217","692","34.95","21.45"
"61","Mackenzie Blackwood","COL, N.J, S.J","122","6786.3166666667","3496","3159","337","0.904","2.98","3.61","357.27","966","792","174","0.820","1.54","6.76","931","818","113","0.879","1.00","-5.06","1435","1385","50","0.965","0.44","7.19","237","683","35.19","20.51"
"37","Joonas Korpisalo","BOS, CBJ, L.A, OTT","121","6803.0333333333","3423","3077","346","0.899","3.05","-12.50","337.66","916","748","168","0.817","1.48","3.41","906","791","115","0.873","1.01","-9.96","1424","1361","63","0.956","0.56","-6.25","200","649","35.04","20.62"
"75","Charlie Lindgren","WSH","120","6831.45","3271","2954","317","0.903","2.78","1.69","322.08","860","679","181","0.790","1.59","-20.07","813","740","73","0.910","0.64","21.26","1435","1372","63","0.956","0.55","-5.81","188","505","35.43","20.66"
"97","Lukas Dostal","ANA","117","6443.1833333333","3614","3260","354","0.902","3.30","-1.89","361.13","969","780","189","0.805","1.76","-7.67","941","844","97","0.897","0.90","12.10","1553","1485","68","0.956","0.63","-6.11","188","566","34.20","20.31"
"111","Pyotr Kochetkov","CAR","113","6566.1166666667","2831","2561","270","0.905","2.47","5.82","283.91","841","711","130","0.845","1.19","27.37","725","628","97","0.866","0.89","-12.94","1084","1042","42","0.961","0.38","1.20","169","503","34.97","20.69"
"71","Joey Daccord","SEA","112","6376.1666666667","3103","2823","280","0.910","2.63","22.32","306.22","716","568","148","0.793","1.39","-14.02","788","708","80","0.898","0.75","11.36","1431","1379","52","0.964","0.49","5.03","152","623","36.93","20.02"
"66","Adin Hill","VGK","112","6399.9333333333","2994","2722","272","0.909","2.55","19.70","288.89","693","568","125","0.820","1.17","4.68","831","729","102","0.877","0.96","-5.65","1321","1276","45","0.966","0.42","7.65","162","572","35.49","20.06"
"2","Marc-Andre Fleury","MIN","112","6277.2166666667","3092","2787","305","0.901","2.92","-3.75","280.79","782","627","155","0.802","1.48","-8.67","789","700","89","0.887","0.85","2.48","1361","1301","60","0.956","0.57","-5.76","170","485","35.85","21.66"
"65","Ilya Samsonov","TOR, VGK","111","6521.9333333333","3023","2725","298","0.901","2.74","-3.47","299.42","796","660","136","0.829","1.25","12.95","776","671","105","0.865","0.97","-15.03","1293","1236","57","0.956","0.52","-5.47","179","570","35.37","21.73"
"107","Samuel Ersson","PHI","110","6056.1666666667","2693","2392","301","0.888","2.98","-38.62","272.86","701","556","145","0.793","1.44","-13.82","728","620","108","0.852","1.07","-23.60","1097","1049","48","0.956","0.48","-4.28","184","531","36.03","21.25"
"53","Vitek Vanecek","FLA, N.J, S.J","109","6101.0166666667","2919","2621","298","0.898","2.93","-13.61","280.9","757","584","173","0.771","1.70","-31.35","757","673","84","0.889","0.83","3.77","1228","1187","41","0.967","0.40","7.94","155","472","36.17","18.60"
"12","Jake Allen","MTL, N.J","107","6175.4666666667","3243","2907","336","0.896","3.26","-20.04","337.82","927","735","192","0.793","1.87","-18.53","892","801","91","0.898","0.88","12.42","1287","1235","52","0.960","0.51","-0.71","176","614","33.72","18.88"
"51","Thatcher Demko","VAN","106","6196.3666666667","3063","2778","285","0.907","2.76","13.42","300.74","846","693","153","0.819","1.48","5.31","780","697","83","0.894","0.80","7.43","1271","1222","49","0.961","0.47","1.65","158","524","35.02","20.41"
"22","Philipp Grubauer","SEA","101","5522.7","2552","2274","278","0.891","3.02","-29.36","254.73","668","528","140","0.790","1.52","-15.00","661","572","89","0.865","0.97","-12.36","1108","1059","49","0.956","0.53","-4.84","138","471","35.15","19.88"
"73","Connor Ingram","ARI, UTA","99","5599.7166666667","2978","2687","291","0.902","3.12","-0.86","293.79","747","617","130","0.826","1.39","9.78","837","735","102","0.878","1.09","-4.96","1245","1187","58","0.953","0.62","-8.38","153","505","35.00","21.52"
"101","Kevin Lankinen","NSH, VAN","94","5280.3666666667","2537","2300","237","0.907","2.69","10.18","248.91","649","533","116","0.821","1.32","5.45","660","588","72","0.891","0.82","4.52","1078","1029","49","0.955","0.56","-6.04","161","437","35.99","21.50"
"74","Casey DeSmith","DAL, PIT, VAN","94","5233.9333333333","2663","2409","254","0.905","2.91","5.45","268.59","774","634","140","0.819","1.60","4.84","666","600","66","0.901","0.76","11.22","1090","1042","48","0.956","0.55","-4.56","148","481","34.83","19.94"
"9","James Reimer","ANA, BUF, DET, S.J","92","5253.2333333333","2725","2439","286","0.895","3.27","-20.51","274.66","756","603","153","0.798","1.75","-11.53","758","661","97","0.872","1.11","-9.12","1084","1048","36","0.967","0.41","7.20","170","475","33.93","19.70"
"7","Jonathan Quick","L.A, NYR, VGK","92","5143.1666666667","2509","2243","266","0.894","3.10","-21.55","249.24","711","576","135","0.810","1.57","-1.95","660","572","88","0.867","1.03","-11.48","1006","963","43","0.957","0.50","-2.91","140","463","34.22","20.44"
"52","Alex Nedeljkovic","DET, PIT","91","5043.95","2560","2297","263","0.897","3.13","-13.58","243.32","678","534","144","0.788","1.71","-17.13","695","626","69","0.901","0.82","11.58","1053","1003","50","0.953","0.59","-8.03","175","481","35.93","20.24"
"76","Alex Lyon","DET, FLA","89","4951.6666666667","2519","2276","243","0.904","2.94","2.42","250.38","680","549","131","0.807","1.59","-3.75","655","583","72","0.890","0.87","3.94","1066","1026","40","0.962","0.48","2.48","119","452","34.80","21.06"
"28","Anton Forsberg","OTT","88","4718","2349","2109","240","0.898","3.05","-11.14","229.81","615","490","125","0.797","1.59","-9.92","641","568","73","0.886","0.93","1.32","955","913","42","0.956","0.53","-3.94","170","416","35.37","20.13"
"58","Ville Husso","ANA, DET","88","4872.9166666667","2495","2231","264","0.894","3.25","-20.92","238.47","644","520","124","0.807","1.53","-3.49","664","577","87","0.869","1.07","-10.02","1043","990","53","0.949","0.65","-11.43","106","415","35.50","22.17"
"128","Arvid Soderblom","CHI","83","4676.0666666667","2483","2210","273","0.890","3.50","-31.08","246.25","696","544","152","0.782","1.95","-21.76","642","573","69","0.893","0.89","5.43","1028","976","52","0.949","0.67","-11.03","157","436","33.97","19.61"
"79","Carter Hart","PHI","81","4618.95","2391","2168","223","0.907","2.90","9.95","226.97","667","553","114","0.829","1.48","10.81","602","530","72","0.880","0.94","-2.20","980","944","36","0.963","0.47","3.06","109","403","35.82","21.24"
"38","Anthony Stolarz","ANA, FLA, TOR","80","4313.4","2134","1961","173","0.919","2.41","34.91","224.15","601","513","88","0.854","1.22","24.46","530","479","51","0.904","0.71","10.45","891","857","34","0.962","0.47","1.51","132","454","35.28","21.37"
"81","David Rittich","L.A, WPG","79","4346.6666666667","1899","1712","187","0.902","2.58","-1.98","183.53","498","406","92","0.815","1.27","1.19","483","429","54","0.888","0.75","2.00","811","770","41","0.949","0.57","-8.68","132","333","36.02","22.41"
"21","Scott Wedgewood","COL, DAL, NSH","77","4288.9833333333","2025","1836","189","0.907","2.64","8.29","185.25","501","410","91","0.818","1.27","2.75","559","497","62","0.889","0.87","2.81","868","832","36","0.959","0.50","-1.41","141","316","36.17","20.06"
"63","Dan Vladar","CGY","77","4394.6","2053","1830","223","0.891","3.04","-22.98","194.5","518","414","104","0.799","1.42","-7.07","584","506","78","0.866","1.06","-10.29","841","801","40","0.952","0.55","-6.48","141","316","35.48","22.44"
"59","Kaapo Kahkonen","COL, N.J, S.J","75","4078.7333333333","2308","2053","255","0.890","3.75","-30.13","223.78","568","460","108","0.810","1.59","-1.71","679","573","106","0.844","1.56","-27.28","963","922","41","0.957","0.60","-2.62","107","377","34.56","22.00"
"77","Joseph Woll","TOR","74","4330.4166666667","2207","2009","198","0.910","2.74","17.02","217.54","587","480","107","0.818","1.48","2.84","569","519","50","0.912","0.69","15.97","939","898","41","0.956","0.57","-3.58","152","431","35.09","21.20"
"25","Frederik Andersen","CAR","72","4216.75","1805","1640","165","0.909","2.35","10.86","180.37","543","451","92","0.831","1.31","9.61","448","398","50","0.888","0.71","1.94","680","657","23","0.966","0.33","4.10","109","317","35.06","18.92"
"113","Dustin Wolf","CGY","71","4192.7666666667","2040","1849","191","0.906","2.73","7.75","194.76","516","426","90","0.826","1.29","6.56","564","493","71","0.874","1.02","-5.61","840","810","30","0.964","0.43","3.48","163","350","35.85","20.66"
"15","Martin Jones","SEA, TOR","70","3795.3166666667","1721","1534","187","0.891","2.96","-19.33","174.42","473","368","105","0.778","1.66","-16.49","456","400","56","0.877","0.89","-3.13","695","669","26","0.963","0.41","1.70","103","289","35.57","18.27"
"102","Joel Hofer","STL","67","3624.6666666667","1776","1613","163","0.908","2.70","10.03","167.53","428","344","84","0.804","1.39","-3.91","459","401","58","0.874","0.96","-4.78","802","782","20","0.975","0.33","11.96","123","283","35.01","19.70"
"10","Semyon Varlamov","NYI","61","3531.8666666667","1787","1629","158","0.912","2.68","16.10","171.23","489","411","78","0.840","1.33","13.50","464","411","53","0.886","0.90","0.80","722","695","27","0.963","0.46","1.77","120","319","35.65","21.68"
"88","Daniil Tarasov","CBJ","61","3351.0166666667","1868","1673","195","0.896","3.49","-13.00","179.1","500","408","92","0.816","1.65","1.56","470","399","71","0.849","1.27","-16.51","833","801","32","0.962","0.57","1.20","90","356","34.67","21.51"
"19","Calvin Pickard","EDM","60","3242.6333333333","1430","1292","138","0.903","2.55","1.32","129.76","295","238","57","0.807","1.05","-1.80","388","331","57","0.853","1.05","-12.02","673","649","24","0.964","0.44","2.82","99","229","36.33","22.34"
"108","Spencer Knight","CHI, FLA","59","3371.6","1639","1477","162","0.901","2.88","-2.31","160.3","454","388","66","0.855","1.17","18.96","434","371","63","0.855","1.12","-12.68","673","640","33","0.951","0.59","-6.18","77","274","35.09","22.82"
"49","Spencer Martin","CAR, CBJ, VAN","57","3098.3833333333","1538","1345","193","0.875","3.74","-43.15","155.35","442","347","95","0.785","1.84","-12.29","421","357","64","0.848","1.24","-15.19","597","564","33","0.945","0.64","-9.21","77","256","33.76","20.54"
"43","Antti Raanta","CAR","51","2826.4","1137","1016","121","0.894","2.57","-10.22","111.71","348","283","65","0.813","1.38","0.12","300","257","43","0.857","0.91","-8.22","407","394","13","0.968","0.28","3.22","63","186","35.14","18.79"
"104","Justus Annunen","COL, NSH","50","2708.2333333333","1276","1144","132","0.897","2.92","-7.68","125.36","335","275","60","0.821","1.33","2.69","322","270","52","0.839","1.15","-14.67","559","539","20","0.964","0.44","2.28","82","229","35.54","21.33"
"48","Eric Comrie","BUF, WPG","49","2811.4333333333","1395","1248","147","0.895","3.14","-11.09","137.36","392","316","76","0.806","1.62","-2.65","381","332","49","0.871","1.05","-4.83","561","539","22","0.961","0.47","0.36","87","225","34.65","21.61"
"55","Jonas Johansson","COL, T.B","48","2730.6833333333","1379","1233","146","0.894","3.21","-11.65","138.41","391","323","68","0.826","1.49","5.17","360","309","51","0.858","1.12","-9.26","558","532","26","0.953","0.57","-3.76","94","276","34.64","22.75"
"50","Pheonix Copley","L.A","46","2554.0833333333","1136","1019","117","0.897","2.75","-6.32","115.94","295","233","62","0.790","1.46","-6.80","316","281","35","0.889","0.82","1.64","462","442","20","0.957","0.47","-1.59","47","197","34.78","21.65"
"106","Akira Schmid","N.J, VGK","42","2053.6","955","870","85","0.911","2.48","8.04","91.19","241","196","45","0.813","1.31","0.10","248","220","28","0.887","0.82","0.75","414","402","12","0.971","0.35","4.50","38","153","35.40","18.41"
"20","Jack Campbell","EDM","41","2293.1666666667","1184","1049","135","0.886","3.53","-19.64","109.26","315","241","74","0.765","1.94","-15.06","322","283","39","0.879","1.02","-1.67","486","464","22","0.955","0.58","-2.63","53","160","33.80","19.40"
"118","Devon Levi","BUF","39","2204.55","1146","1025","121","0.894","3.29","-9.35","119.79","336","275","61","0.818","1.66","1.87","319","273","46","0.856","1.25","-9.01","442","428","14","0.968","0.38","3.62","64","242","32.91","19.75"
"86","Cayden Primeau","MTL","37","1987.1166666667","1036","921","115","0.889","3.47","-14.06","108.58","284","232","52","0.817","1.57","1.14","298","259","39","0.869","1.18","-4.45","405","381","24","0.941","0.72","-7.86","74","186","34.30","21.25"
"27","Laurent Brossoit","VGK, WPG","34","1987.35","937","869","68","0.927","2.05","23.29","88.31","243","210","33","0.864","1.00","12.47","257","230","27","0.895","0.82","2.80","387","379","8","0.979","0.24","7.42","53","159","35.64","20.04"
"70","Ivan Fedotov","PHI","29","1550.1666666667","677","592","85","0.874","3.29","-19.04","65.6","157","121","36","0.771","1.39","-6.62","201","166","35","0.826","1.35","-11.70","277","263","14","0.949","0.54","-2.96","56","127","36.97","22.13"
"34","Matt Murray","TOR","28","1591.8166666667","819","738","81","0.901","3.05","-1.21","76.48","231","191","40","0.827","1.51","3.23","215","187","28","0.870","1.06","-3.07","340","327","13","0.962","0.49","0.55","64","130","34.31","21.38"
"8","Alex Stalock","CHI","27","1475.3333333333","804","730","74","0.908","3.01","4.33","70.07","209","168","41","0.804","1.67","-1.89","239","221","18","0.925","0.73","9.71","321","306","15","0.953","0.61","-2.21","40","103","34.26","21.20"
"115","Nico Daws","N.J","27","1406.9","682","615","67","0.902","2.86","-0.55","69.61","194","160","34","0.825","1.45","2.30","158","137","21","0.867","0.90","-2.68","298","286","12","0.960","0.51","-0.12","35","141","34.68","21.18"
"110","Mads Sogaard","OTT","27","1420.6166666667","699","614","85","0.878","3.59","-16.90","66.02","194","154","40","0.794","1.69","-3.70","199","168","31","0.844","1.31","-7.93","274","260","14","0.949","0.59","-3.08","33","93","34.11","22.00"
"1","Craig Anderson","BUF","26","1490.0333333333","823","747","76","0.908","3.06","4.18","75.4","241","204","37","0.846","1.49","8.10","212","186","26","0.877","1.05","-1.42","330","317","13","0.961","0.52","0.15","39","108","35.56","21.66"
"3","Jaroslav Halak","NYR","25","1453.9333333333","680","614","66","0.903","2.72","0.25","68.44","212","176","36","0.830","1.49","3.67","171","156","15","0.912","0.62","4.83","266","251","15","0.944","0.62","-4.40","45","106","33.17","19.95"
"62","Felix Sandstrom","PHI","25","1376.3333333333","671","585","86","0.872","3.75","-20.63","65.84","173","132","41","0.763","1.79","-8.63","204","169","35","0.828","1.53","-11.35","262","252","10","0.962","0.44","0.44","41","121","34.82","19.91"
"4","Brian Elliott","T.B","22","1324.7333333333","689","614","75","0.891","3.40","-7.87","67.12","208","170","38","0.817","1.72","0.92","174","153","21","0.879","0.95","-0.83","274","258","16","0.942","0.72","-5.08","47","99","34.10","19.56"
"129","Jet Greaves","CBJ","21","1234.9166666667","715","661","54","0.924","2.62","15.66","72.07","195","164","31","0.841","1.51","5.49","194","184","10","0.948","0.49","12.49","298","285","13","0.956","0.63","-1.12","40","145","34.39","20.72"
"5","Thomas Greiss","STL","21","1089.35","627","561","66","0.895","3.64","-4.91","57.59","184","143","41","0.777","2.26","-6.57","177","161","16","0.910","0.88","4.52","227","218","9","0.960","0.50","0.05","39","84","35.26","17.67"
"30","Magnus Hellberg","DET, OTT, PIT","21","1056.2333333333","511","456","55","0.892","3.12","-5.21","50.67","165","133","32","0.806","1.82","-1.12","138","122","16","0.884","0.91","0.00","187","180","7","0.963","0.40","0.45","28","76","32.71","22.55"
"95","Collin Delia","VAN","20","1135.6666666667","526","464","62","0.882","3.28","-10.75","56.95","182","142","40","0.780","2.11","-5.94","126","115","11","0.913","0.58","3.61","198","187","11","0.944","0.58","-3.11","30","92","32.93","20.32"
"112","Arturs Silovs","VAN","19","1091.6666666667","474","417","57","0.880","3.13","-10.82","45.63","117","91","26","0.778","1.43","-4.11","110","93","17","0.845","0.93","-4.25","224","210","14","0.938","0.77","-5.07","30","87","36.11","22.11"
"105","Ivan Prosvetov","ARI, COL","18","916.21666666667","482","428","54","0.888","3.54","-7.04","48.08","128","104","24","0.813","1.57","-0.05","147","122","25","0.830","1.64","-7.96","189","184","5","0.974","0.33","2.53","27","84","33.09","21.20"
"13","Michael Hutchinson","CBJ, DET","17","813.25","469","412","57","0.878","4.21","-11.31","47.75","153","118","35","0.771","2.58","-6.37","117","103","14","0.880","1.03","-0.43","180","172","8","0.956","0.59","-0.83","24","63","32.79","17.98"
"127","Aleksei Kolosov","PHI","17","901.91666666667","406","352","54","0.867","3.59","-14.44","41.78","110","79","31","0.718","2.06","-10.42","106","93","13","0.877","0.86","-0.71","172","162","10","0.942","0.67","-3.15","35","83","33.63","17.96"
"100","Pavel Francouz","COL","16","964.53333333333","493","451","42","0.915","2.61","6.03","42.16","128","100","28","0.781","1.74","-4.05","137","129","8","0.942","0.50","7.88","199","193","6","0.970","0.37","1.93","23","68","36.00","20.38"
"123","Jakub Dobes","MTL","16","874.78333333333","440","400","40","0.909","2.74","2.87","46.85","111","91","20","0.820","1.37","0.77","128","113","15","0.883","1.03","-0.16","179","174","5","0.972","0.34","2.13","27","104","36.84","22.20"
"117","Yaroslav Askarov","NSH, S.J","16","856.3","427","384","43","0.899","3.01","-1.40","46.34","118","98","20","0.831","1.40","2.08","121","104","17","0.860","1.19","-2.97","164","159","5","0.970","0.35","1.54","36","95","35.11","20.51"
"121","Joel Blomqvist","PIT","15","772.45","425","376","49","0.885","3.81","-7.59","41.06","106","92","14","0.868","1.09","5.84","120","99","21","0.825","1.63","-7.09","175","161","14","0.920","1.09","-7.03","33","69","35.88","26.53"
"45","Marcus Hogberg","NYI","15","728.21666666667","335","294","41","0.878","3.38","-8.36","34.31","83","63","20","0.759","1.65","-4.47","80","72","8","0.900","0.66","1.28","153","140","13","0.915","1.07","-6.90","20","61","38.17","22.95"
"44","Cal Petersen","L.A, PHI","15","820.38333333333","389","337","52","0.866","3.80","-14.10","34.93","92","69","23","0.750","1.68","-5.78","116","102","14","0.879","1.02","-0.55","161","146","15","0.907","1.10","-8.58","14","65","35.65","23.90"
"122","Leevi Merilainen","OTT","14","748.06666666667","344","316","28","0.919","2.25","5.52","31.52","75","62","13","0.827","1.04","1.03","81","72","9","0.889","0.72","0.39","157","151","6","0.962","0.48","0.26","30","63","40.29","23.79"
"132","Jaxson Stauber","CHI, UTA","12","676.68333333333","349","315","34","0.903","3.01","0.00","34.3","97","84","13","0.866","1.15","5.15","90","73","17","0.811","1.51","-6.57","145","141","4","0.972","0.35","1.78","17","58","34.29","20.91"
"14","Dustin Tokarski","CAR, PIT","10","567.71666666667","249","224","25","0.900","2.64","-0.74","24.71","75","62","13","0.827","1.37","1.03","59","49","10","0.831","1.06","-3.16","97","95","2","0.979","0.21","1.87","17","43","37.21","18.56"
"69","Erik Kallgren","TOR","10","561.66666666667","246","221","25","0.898","2.67","-1.03","23.5","75","63","12","0.840","1.28","2.03","64","54","10","0.844","1.07","-2.58","90","87","3","0.967","0.32","0.59","15","38","35.37","17.48"
"139","Georgi Romanov","S.J","10","476.18333333333","249","221","28","0.888","3.53","-3.74","24.78","57","44","13","0.772","1.64","-2.33","67","57","10","0.851","1.26","-2.23","117","112","5","0.957","0.63","-0.34","13","48","35.13","20.29"
"103","Magnus Chrona","S.J","9","471.25","261","224","37","0.858","4.71","-11.57","27.09","65","47","18","0.723","2.29","-5.84","72","61","11","0.847","1.40","-2.65","111","103","8","0.928","1.02","-3.58","12","49","35.12","20.32"
"90","Jiri Patera","VGK","8","436.76666666667","266","240","26","0.902","3.57","-0.08","24.83","71","58","13","0.817","1.79","0.29","67","61","6","0.910","0.82","1.77","113","106","7","0.938","0.96","-2.50","13","43","34.59","21.12"
"41","Matt Tomkins","T.B","6","360.21666666667","185","165","20","0.892","3.33","-1.98","18.23","48","40","8","0.833","1.33","0.98","52","44","8","0.846","1.33","-1.97","76","72","4","0.947","0.67","-0.97","11","39","35.28","22.90"
"136","Dennis Hildeby","TOR","6","360.81666666667","157","137","20","0.873","3.33","-4.70","15.75","35","27","8","0.771","1.33","-1.45","47","38","9","0.809","1.50","-3.55","66","63","3","0.955","0.50","-0.37","9","32","35.65","23.65"
"120","Devin Cooley","S.J","6","301.48333333333","192","167","25","0.870","4.98","-6.29","20.73","51","38","13","0.745","2.59","-3.46","56","48","8","0.857","1.59","-1.51","72","68","4","0.944","0.80","-1.13","8","49","36.32","21.28"
"125","Jesper Wallstedt","MIN","5","296.71666666667","138","121","17","0.877","3.44","-3.55","10.75","22","15","7","0.682","1.42","-2.88","39","32","7","0.821","1.42","-2.48","75","72","3","0.960","0.61","-0.01","12","22","36.47","26.35"
"119","Hunter Shepard","WSH","5","304.83333333333","149","129","20","0.866","3.94","-5.48","15.46","42","27","15","0.643","2.95","-7.14","37","34","3","0.919","0.59","1.29","64","62","2","0.969","0.39","0.55","5","30","34.26","18.90"
"42","Aaron Dell","S.J","4","199.28333333333","103","94","9","0.913","2.71","1.04","11.49","38","34","4","0.895","1.20","3.11","28","23","5","0.821","1.51","-1.75","34","34","0","1.000","0.00","1.36","6","20","29.11","18.89"
"134","Matt Murray","DAL","4","237.03333333333","87","77","10","0.885","2.53","-1.52","9.26","28","22","6","0.786","1.52","-0.76","24","22","2","0.917","0.51","0.78","29","27","2","0.931","0.51","-0.84","7","13","34.34","21.50"
"98","Kevin Mandolese","OTT","3","182.2","119","109","10","0.916","3.29","1.59","12.28","37","32","5","0.865","1.65","1.92","43","39","4","0.907","1.32","0.99","36","35","1","0.972","0.33","0.43","9","18","32.06","21.30"
"87","Matt Villalta","ARI, UTA","3","131.96666666667","60","52","8","0.867","3.64","-2.15","6.71","13","10","3","0.769","1.36","-0.57","20","15","5","0.750","2.27","-2.68","25","25","0","1.000","0.00","1.00","2","10","33.08","13.38"
"35","Jon Gillies","CBJ","3","118.15","66","57","9","0.864","4.57","-2.57","6.94","13","8","5","0.615","2.54","-2.57","28","24","4","0.857","2.03","-0.75","23","23","0","1.000","0.00","0.92","1","15","34.24","23.33"
"26","Keith Kinkaid","BOS, COL","2","87.85","40","38","2","0.950","1.37","1.90","4.17","12","10","2","0.833","1.37","0.25","10","10","0","1.000","0.00","1.16","16","16","0","1.000","0.00","0.64","1","7","36.30","10.00"
"23","Louis Domingue","NYR","2","120","53","50","3","0.943","1.50","2.16","4.56","12","10","2","0.833","1.00","0.25","10","9","1","0.900","0.50","0.16","30","30","0","1.000","0.00","1.20","0","10","35.40","16.67"
"91","Dylan Ferguson","OTT","2","118.86666666667","83","78","5","0.940","2.52","3.09","7.9","23","21","2","0.913","1.01","2.30","28","25","3","0.893","1.51","0.25","29","29","0","1.000","0.00","1.16","2","15","34.04","18.20"
"36","Chris Driedger","SEA","2","119.58333333333","60","55","5","0.917","2.51","0.85","6.06","16","13","3","0.813","1.51","-0.01","12","10","2","0.833","1.00","-0.61","30","30","0","1.000","0.00","1.20","7","12","32.28","17.00"
"89","Eetu Makiniemi","S.J","2","84.333333333333","32","29","3","0.906","2.13","0.12","2.64","9","8","1","0.889","0.71","0.68","9","7","2","0.778","1.42","-0.96","12","12","0","1.000","0.00","0.48","4","3","32.72","26.00"
"137","Nikita Tolopilo","VAN","2","83.65","26","23","3","0.885","2.15","-0.47","2.79","2","2","0","1.000","0.00","0.37","9","8","1","0.889","0.72","0.04","12","10","2","0.833","1.43","-1.52","2","3","43.19","25.67"
"109","Trent Miner","COL","2","91.633333333333","33","29","4","0.879","2.62","-0.78","2.33","6","4","2","0.667","1.31","-0.88","9","7","2","0.778","1.31","-0.96","15","15","0","1.000","0.00","0.60","3","5","47.15","22.75"
"138","Yaniv Perets","CAR","2","20.966666666667","8","7","1","0.875","2.86","-0.22","0.85","4","4","0","1.000","0.00","0.75","2","1","1","0.500","2.86","-0.77","2","2","0","1.000","0.00","0.08","0","1","21.38","25.00"
"96","Jakub Skarek","NYI","2","76.15","39","34","5","0.872","3.94","-1.20","3.5","10","6","4","0.600","3.15","-2.13","11","11","0","1.000","0.00","1.28","18","17","1","0.944","0.79","-0.28","1","10","31.67","15.80"
"99","Olivier Rodrigue","EDM","2","77.416666666667","29","25","4","0.862","3.10","-1.17","3.22","9","7","2","0.778","1.55","-0.32","13","11","2","0.846","1.55","-0.49","7","7","0","1.000","0.00","0.28","2","3","26.21","17.00"
"116","Drew Commesso","CHI","2","71.35","26","22","4","0.846","3.36","-1.47","3.7","6","3","3","0.500","2.52","-1.88","8","7","1","0.875","0.84","-0.07","9","9","0","1.000","0.00","0.36","5","9","38.73","14.50"
"130","Matthew Berlin","EDM","1","2.4333333333333","1","1","0","1.000","0.00","0.10","0.01","0","0","0","-","0.00","0.00","0","0","0","-","0.00","0.00","1","1","0","1.000","0.00","0.04","0","0","51.00","-"
"140","Victor Ostman","SEA","1","20","12","12","0","1.000","0.00","1.17","1.1","4","4","0","1.000","0.00","0.75","6","6","0","1.000","0.00","0.70","2","2","0","1.000","0.00","0.08","0","2","21.50","-"
"114","Erik Portillo","L.A","1","58.616666666667","29","28","1","0.966","1.02","1.83","3.27","9","8","1","0.889","1.02","0.68","6","6","0","1.000","0.00","0.70","12","12","0","1.000","0.00","0.48","3","5","33.76","9.00"
"78","Dylan Wells","CHI","1","20","13","12","1","0.923","3.00","0.27","1.62","4","4","0","1.000","0.00","0.75","3","2","1","0.667","3.00","-0.65","5","5","0","1.000","0.00","0.20","1","0","28.00","28.00"
"32","Malcolm Subban","CBJ","1","60","35","32","3","0.914","3.00","0.41","4.3","11","11","0","1.000","0.00","2.06","6","4","2","0.667","2.00","-1.30","18","17","1","0.944","1.00","-0.28","0","7","33.23","31.67"
"84","Olle Eriksson Ek","ANA","1","63.983333333333","39","34","5","0.872","4.69","-1.20","3","7","5","2","0.714","1.88","-0.69","11","10","1","0.909","0.94","0.28","21","19","2","0.905","1.88","-1.16","0","5","35.00","20.00"
"67","Ales Stezka","SEA","1","58.333333333333","23","20","3","0.870","3.09","-0.76","2.31","8","7","1","0.875","1.03","0.50","6","4","2","0.667","2.06","-1.30","8","8","0","1.000","0.00","0.32","0","1","32.52","19.00"
"133","Clay Stevenson","WSH","1","60","38","33","5","0.868","5.00","-1.30","3.06","8","6","2","0.750","2.00","-0.50","9","6","3","0.667","3.00","-1.96","17","17","0","1.000","0.00","0.68","3","4","38.21","18.00"
"124","Sebastian Cossa","DET","1","45","14","12","2","0.857","2.67","-0.64","1.55","5","3","2","0.600","2.67","-1.06","3","3","0","1.000","0.00","0.35","5","5","0","1.000","0.00","0.20","1","3","38.86","8.50"
"54","Brandon Halverson","T.B","1","57.95","24","19","5","0.792","5.18","-2.66","2.92","10","6","4","0.600","4.14","-2.13","8","7","1","0.875","1.04","-0.07","5","5","0","1.000","0.00","0.20","4","4","28.79","10.40"
"6","Anton Khudobin","CHI","1","60","28","22","6","0.786","6.00","-3.27","2.98","8","5","3","0.625","3.00","-1.50","9","7","2","0.778","2.00","-0.96","10","9","1","0.900","1.00","-0.60","0","2","32.54","21.00"
"72","Kenneth Appleby","NYI","1","20","8","6","2","0.750","6.00","-1.22","0.61","4","3","1","0.750","3.00","-0.25","1","0","1","0.000","3.00","-0.88","3","3","0","1.000","0.00","0.12","0","0","28.50","19.00"
"135","Nikke Kokko","SEA","1","29.95","6","4","2","0.667","4.01","-1.42","0.49","1","0","1","0.000","2.00","-0.81","4","3","1","0.750","2.00","-0.54","1","1","0","1.000","0.00","0.04","0","0","31.33","16.00"
"126","Tristan Lennox","NYI","1","4.7166666666667","2","1","1","0.500","12.72","-0.81","0.04","0","0","0","-","0.00","0.00","1","0","1","0.000","12.72","-0.88","0","0","0","-","0.00","0.00","0","0","61.00","29.00"
"131","Jett Alexander","TOR","1","1.1666666666667","0","0","0","-","0.00","0.00","0","0","0","0","-","0.00","0.00","0","0","0","-","0.00","0.00","0","0","0","-","0.00","0.00","0","0","-","-"